Fitter report for ECE2072Project
Wed Sep 23 13:18:14 2026
Quartus Prime Version 18.1.0 Build 625 09/12/2018 SJ Lite Edition


---------------------
; Table of Contents ;
---------------------
  1. Legal Notice
  2. Fitter Summary
  3. Fitter Settings
  4. Parallel Compilation
  5. Ignored Assignments
  6. Incremental Compilation Preservation Summary
  7. Incremental Compilation Partition Settings
  8. Incremental Compilation Placement Preservation
  9. Pin-Out File
 10. Fitter Resource Usage Summary
 11. Fitter Partition Statistics
 12. Input Pins
 13. Output Pins
 14. Dual Purpose and Dedicated Pins
 15. I/O Bank Usage
 16. All Package Pins
 17. I/O Assignment Warnings
 18. Fitter Resource Utilization by Entity
 19. Delay Chain Summary
 20. Pad To Core Delay Chain Fanout
 21. Control Signals
 22. Global & Other Fast Signals
 23. Routing Usage Summary
 24. LAB Logic Elements
 25. LAB-wide Signals
 26. LAB Signals Sourced
 27. LAB Signals Sourced Out
 28. LAB Distinct Inputs
 29. I/O Rules Summary
 30. I/O Rules Details
 31. I/O Rules Matrix
 32. Fitter Device Options
 33. Operating Settings and Conditions
 34. Fitter Messages
 35. Fitter Suppressed Messages



----------------
; Legal Notice ;
----------------
Copyright (C) 2018  Intel Corporation. All rights reserved.
Your use of Intel Corporation's design tools, logic functions 
and other software and tools, and its AMPP partner logic 
functions, and any output files from any of the foregoing 
(including device programming or simulation files), and any 
associated documentation or information are expressly subject 
to the terms and conditions of the Intel Program License 
Subscription Agreement, the Intel Quartus Prime License Agreement,
the Intel FPGA IP License Agreement, or other applicable license
agreement, including, without limitation, that your use is for
the sole purpose of programming logic devices manufactured by
Intel and sold by Intel or its authorized distributors.  Please
refer to the applicable agreement for further details.



+----------------------------------------------------------------------------------+
; Fitter Summary                                                                   ;
+------------------------------------+---------------------------------------------+
; Fitter Status                      ; Successful - Wed Sep 23 13:18:14 2026       ;
; Quartus Prime Version              ; 18.1.0 Build 625 09/12/2018 SJ Lite Edition ;
; Revision Name                      ; ECE2072Project                              ;
; Top-level Entity Name              ; register_n                                  ;
; Family                             ; MAX 10                                      ;
; Device                             ; 10M08DAF484C8G                              ;
; Timing Models                      ; Final                                       ;
; Total logic elements               ; 18 / 8,064 ( < 1 % )                        ;
;     Total combinational functions  ; 18 / 8,064 ( < 1 % )                        ;
;     Dedicated logic registers      ; 16 / 8,064 ( < 1 % )                        ;
; Total registers                    ; 16                                          ;
; Total pins                         ; 35 / 250 ( 14 % )                           ;
; Total virtual pins                 ; 0                                           ;
; Total memory bits                  ; 0 / 387,072 ( 0 % )                         ;
; Embedded Multiplier 9-bit elements ; 0 / 48 ( 0 % )                              ;
; Total PLLs                         ; 0 / 2 ( 0 % )                               ;
; UFM blocks                         ; 0 / 1 ( 0 % )                               ;
; ADC blocks                         ; 0 / 1 ( 0 % )                               ;
+------------------------------------+---------------------------------------------+


+----------------------------------------------------------------------------------------------------------------------------------------------------+
; Fitter Settings                                                                                                                                    ;
+--------------------------------------------------------------------+---------------------------------------+---------------------------------------+
; Option                                                             ; Setting                               ; Default Value                         ;
+--------------------------------------------------------------------+---------------------------------------+---------------------------------------+
; Device                                                             ; 10M08DAF484C8G                        ;                                       ;
; Minimum Core Junction Temperature                                  ; 0                                     ;                                       ;
; Maximum Core Junction Temperature                                  ; 85                                    ;                                       ;
; Fit Attempts to Skip                                               ; 0                                     ; 0.0                                   ;
; Use smart compilation                                              ; Off                                   ; Off                                   ;
; Enable parallel Assembler and Timing Analyzer during compilation   ; On                                    ; On                                    ;
; Enable compact report table                                        ; Off                                   ; Off                                   ;
; Auto Merge PLLs                                                    ; On                                    ; On                                    ;
; Router Timing Optimization Level                                   ; Normal                                ; Normal                                ;
; Perform Clocking Topology Analysis During Routing                  ; Off                                   ; Off                                   ;
; Placement Effort Multiplier                                        ; 1.0                                   ; 1.0                                   ;
; Router Effort Multiplier                                           ; 1.0                                   ; 1.0                                   ;
; Optimize Hold Timing                                               ; All Paths                             ; All Paths                             ;
; Optimize Multi-Corner Timing                                       ; On                                    ; On                                    ;
; Power Optimization During Fitting                                  ; Normal compilation                    ; Normal compilation                    ;
; SSN Optimization                                                   ; Off                                   ; Off                                   ;
; Optimize Timing                                                    ; Normal compilation                    ; Normal compilation                    ;
; Optimize Timing for ECOs                                           ; Off                                   ; Off                                   ;
; Regenerate Full Fit Report During ECO Compiles                     ; Off                                   ; Off                                   ;
; Optimize IOC Register Placement for Timing                         ; Normal                                ; Normal                                ;
; Final Placement Optimizations                                      ; Automatically                         ; Automatically                         ;
; Fitter Initial Placement Seed                                      ; 1                                     ; 1                                     ;
; Periphery to Core Placement and Routing Optimization               ; Off                                   ; Off                                   ;
; PCI I/O                                                            ; Off                                   ; Off                                   ;
; Weak Pull-Up Resistor                                              ; Off                                   ; Off                                   ;
; Enable Bus-Hold Circuitry                                          ; Off                                   ; Off                                   ;
; Auto Packed Registers                                              ; Auto                                  ; Auto                                  ;
; Auto Delay Chains                                                  ; On                                    ; On                                    ;
; Auto Delay Chains for High Fanout Input Pins                       ; Off                                   ; Off                                   ;
; Allow Single-ended Buffer for Differential-XSTL Input              ; Off                                   ; Off                                   ;
; Treat Bidirectional Pin as Output Pin                              ; Off                                   ; Off                                   ;
; Perform Physical Synthesis for Combinational Logic for Fitting     ; Off                                   ; Off                                   ;
; Perform Physical Synthesis for Combinational Logic for Performance ; Off                                   ; Off                                   ;
; Perform Register Duplication for Performance                       ; Off                                   ; Off                                   ;
; Perform Logic to Memory Mapping for Fitting                        ; Off                                   ; Off                                   ;
; Perform Register Retiming for Performance                          ; Off                                   ; Off                                   ;
; Perform Asynchronous Signal Pipelining                             ; Off                                   ; Off                                   ;
; Fitter Effort                                                      ; Auto Fit                              ; Auto Fit                              ;
; Physical Synthesis Effort Level                                    ; Normal                                ; Normal                                ;
; Logic Cell Insertion - Logic Duplication                           ; Auto                                  ; Auto                                  ;
; Auto Register Duplication                                          ; Auto                                  ; Auto                                  ;
; Auto Global Clock                                                  ; On                                    ; On                                    ;
; Auto Global Register Control Signals                               ; On                                    ; On                                    ;
; Reserve all unused pins                                            ; As input tri-stated with weak pull-up ; As input tri-stated with weak pull-up ;
; Synchronizer Identification                                        ; Auto                                  ; Auto                                  ;
; Enable Beneficial Skew Optimization                                ; On                                    ; On                                    ;
; Optimize Design for Metastability                                  ; On                                    ; On                                    ;
; Force Fitter to Avoid Periphery Placement Warnings                 ; Off                                   ; Off                                   ;
; Enable input tri-state on active configuration pins in user mode   ; Off                                   ; Off                                   ;
+--------------------------------------------------------------------+---------------------------------------+---------------------------------------+


+------------------------------------------+
; Parallel Compilation                     ;
+----------------------------+-------------+
; Processors                 ; Number      ;
+----------------------------+-------------+
; Number detected on machine ; 8           ;
; Maximum allowed            ; 4           ;
;                            ;             ;
; Average used               ; 1.01        ;
; Maximum used               ; 4           ;
;                            ;             ;
; Usage by Processor         ; % Time Used ;
;     Processor 1            ; 100.0%      ;
;     Processors 2-4         ;   0.5%      ;
+----------------------------+-------------+


+---------------------------------------------------------------------------------------------------------+
; Ignored Assignments                                                                                     ;
+--------------+----------------+--------------+-----------------+-----------------------+----------------+
; Name         ; Ignored Entity ; Ignored From ; Ignored To      ; Ignored Value         ; Ignored Source ;
+--------------+----------------+--------------+-----------------+-----------------------+----------------+
; Location     ;                ;              ; ADC_CLK_10      ; PIN_N5                ; QSF Assignment ;
; Location     ;                ;              ; ARDUINO_IO[10]  ; PIN_AB19              ; QSF Assignment ;
; Location     ;                ;              ; ARDUINO_IO[11]  ; PIN_AA19              ; QSF Assignment ;
; Location     ;                ;              ; ARDUINO_IO[12]  ; PIN_Y19               ; QSF Assignment ;
; Location     ;                ;              ; ARDUINO_IO[13]  ; PIN_AB20              ; QSF Assignment ;
; Location     ;                ;              ; ARDUINO_IO[14]  ; PIN_AB21              ; QSF Assignment ;
; Location     ;                ;              ; ARDUINO_IO[15]  ; PIN_AA20              ; QSF Assignment ;
; Location     ;                ;              ; ARDUINO_IO[2]   ; PIN_AB7               ; QSF Assignment ;
; Location     ;                ;              ; ARDUINO_IO[3]   ; PIN_AB8               ; QSF Assignment ;
; Location     ;                ;              ; ARDUINO_IO[4]   ; PIN_AB9               ; QSF Assignment ;
; Location     ;                ;              ; ARDUINO_IO[5]   ; PIN_Y10               ; QSF Assignment ;
; Location     ;                ;              ; ARDUINO_IO[6]   ; PIN_AA11              ; QSF Assignment ;
; Location     ;                ;              ; ARDUINO_IO[7]   ; PIN_AA12              ; QSF Assignment ;
; Location     ;                ;              ; ARDUINO_IO[8]   ; PIN_AB17              ; QSF Assignment ;
; Location     ;                ;              ; ARDUINO_IO[9]   ; PIN_AA17              ; QSF Assignment ;
; Location     ;                ;              ; ARDUINO_RESET_N ; PIN_F16               ; QSF Assignment ;
; Location     ;                ;              ; CLOCK_50        ; PIN_P11               ; QSF Assignment ;
; Location     ;                ;              ; DRAM_ADDR[0]    ; PIN_U17               ; QSF Assignment ;
; Location     ;                ;              ; DRAM_ADDR[10]   ; PIN_T20               ; QSF Assignment ;
; Location     ;                ;              ; DRAM_ADDR[11]   ; PIN_P20               ; QSF Assignment ;
; Location     ;                ;              ; DRAM_ADDR[12]   ; PIN_R20               ; QSF Assignment ;
; Location     ;                ;              ; DRAM_ADDR[1]    ; PIN_W19               ; QSF Assignment ;
; Location     ;                ;              ; DRAM_ADDR[2]    ; PIN_V18               ; QSF Assignment ;
; Location     ;                ;              ; DRAM_ADDR[3]    ; PIN_U18               ; QSF Assignment ;
; Location     ;                ;              ; DRAM_ADDR[4]    ; PIN_U19               ; QSF Assignment ;
; Location     ;                ;              ; DRAM_ADDR[5]    ; PIN_T18               ; QSF Assignment ;
; Location     ;                ;              ; DRAM_ADDR[6]    ; PIN_T19               ; QSF Assignment ;
; Location     ;                ;              ; DRAM_ADDR[7]    ; PIN_R18               ; QSF Assignment ;
; Location     ;                ;              ; DRAM_ADDR[8]    ; PIN_P18               ; QSF Assignment ;
; Location     ;                ;              ; DRAM_ADDR[9]    ; PIN_P19               ; QSF Assignment ;
; Location     ;                ;              ; DRAM_BA[0]      ; PIN_T21               ; QSF Assignment ;
; Location     ;                ;              ; DRAM_BA[1]      ; PIN_T22               ; QSF Assignment ;
; Location     ;                ;              ; DRAM_CAS_N      ; PIN_U21               ; QSF Assignment ;
; Location     ;                ;              ; DRAM_CKE        ; PIN_N22               ; QSF Assignment ;
; Location     ;                ;              ; DRAM_CLK        ; PIN_L14               ; QSF Assignment ;
; Location     ;                ;              ; DRAM_CS_N       ; PIN_U20               ; QSF Assignment ;
; Location     ;                ;              ; DRAM_DQ[0]      ; PIN_Y21               ; QSF Assignment ;
; Location     ;                ;              ; DRAM_DQ[10]     ; PIN_H21               ; QSF Assignment ;
; Location     ;                ;              ; DRAM_DQ[11]     ; PIN_H22               ; QSF Assignment ;
; Location     ;                ;              ; DRAM_DQ[12]     ; PIN_G22               ; QSF Assignment ;
; Location     ;                ;              ; DRAM_DQ[13]     ; PIN_G20               ; QSF Assignment ;
; Location     ;                ;              ; DRAM_DQ[14]     ; PIN_G19               ; QSF Assignment ;
; Location     ;                ;              ; DRAM_DQ[15]     ; PIN_F22               ; QSF Assignment ;
; Location     ;                ;              ; DRAM_DQ[1]      ; PIN_Y20               ; QSF Assignment ;
; Location     ;                ;              ; DRAM_DQ[2]      ; PIN_AA22              ; QSF Assignment ;
; Location     ;                ;              ; DRAM_DQ[3]      ; PIN_AA21              ; QSF Assignment ;
; Location     ;                ;              ; DRAM_DQ[4]      ; PIN_Y22               ; QSF Assignment ;
; Location     ;                ;              ; DRAM_DQ[5]      ; PIN_W22               ; QSF Assignment ;
; Location     ;                ;              ; DRAM_DQ[6]      ; PIN_W20               ; QSF Assignment ;
; Location     ;                ;              ; DRAM_DQ[7]      ; PIN_V21               ; QSF Assignment ;
; Location     ;                ;              ; DRAM_DQ[8]      ; PIN_P21               ; QSF Assignment ;
; Location     ;                ;              ; DRAM_DQ[9]      ; PIN_J22               ; QSF Assignment ;
; Location     ;                ;              ; DRAM_LDQM       ; PIN_V22               ; QSF Assignment ;
; Location     ;                ;              ; DRAM_RAS_N      ; PIN_U22               ; QSF Assignment ;
; Location     ;                ;              ; DRAM_UDQM       ; PIN_J21               ; QSF Assignment ;
; Location     ;                ;              ; DRAM_WE_N       ; PIN_V20               ; QSF Assignment ;
; Location     ;                ;              ; GPIO[0]         ; PIN_V10               ; QSF Assignment ;
; Location     ;                ;              ; GPIO[10]        ; PIN_W5                ; QSF Assignment ;
; Location     ;                ;              ; GPIO[11]        ; PIN_AA15              ; QSF Assignment ;
; Location     ;                ;              ; GPIO[12]        ; PIN_AA14              ; QSF Assignment ;
; Location     ;                ;              ; GPIO[13]        ; PIN_W13               ; QSF Assignment ;
; Location     ;                ;              ; GPIO[14]        ; PIN_W12               ; QSF Assignment ;
; Location     ;                ;              ; GPIO[15]        ; PIN_AB13              ; QSF Assignment ;
; Location     ;                ;              ; GPIO[16]        ; PIN_AB12              ; QSF Assignment ;
; Location     ;                ;              ; GPIO[17]        ; PIN_Y11               ; QSF Assignment ;
; Location     ;                ;              ; GPIO[18]        ; PIN_AB11              ; QSF Assignment ;
; Location     ;                ;              ; GPIO[19]        ; PIN_W11               ; QSF Assignment ;
; Location     ;                ;              ; GPIO[1]         ; PIN_W10               ; QSF Assignment ;
; Location     ;                ;              ; GPIO[20]        ; PIN_AB10              ; QSF Assignment ;
; Location     ;                ;              ; GPIO[21]        ; PIN_AA10              ; QSF Assignment ;
; Location     ;                ;              ; GPIO[22]        ; PIN_AA9               ; QSF Assignment ;
; Location     ;                ;              ; GPIO[23]        ; PIN_Y8                ; QSF Assignment ;
; Location     ;                ;              ; GPIO[24]        ; PIN_AA8               ; QSF Assignment ;
; Location     ;                ;              ; GPIO[25]        ; PIN_Y7                ; QSF Assignment ;
; Location     ;                ;              ; GPIO[26]        ; PIN_AA7               ; QSF Assignment ;
; Location     ;                ;              ; GPIO[27]        ; PIN_Y6                ; QSF Assignment ;
; Location     ;                ;              ; GPIO[28]        ; PIN_AA6               ; QSF Assignment ;
; Location     ;                ;              ; GPIO[29]        ; PIN_Y5                ; QSF Assignment ;
; Location     ;                ;              ; GPIO[2]         ; PIN_V9                ; QSF Assignment ;
; Location     ;                ;              ; GPIO[30]        ; PIN_AA5               ; QSF Assignment ;
; Location     ;                ;              ; GPIO[31]        ; PIN_Y4                ; QSF Assignment ;
; Location     ;                ;              ; GPIO[32]        ; PIN_AB3               ; QSF Assignment ;
; Location     ;                ;              ; GPIO[33]        ; PIN_Y3                ; QSF Assignment ;
; Location     ;                ;              ; GPIO[34]        ; PIN_AB2               ; QSF Assignment ;
; Location     ;                ;              ; GPIO[35]        ; PIN_AA2               ; QSF Assignment ;
; Location     ;                ;              ; GPIO[3]         ; PIN_W9                ; QSF Assignment ;
; Location     ;                ;              ; GPIO[4]         ; PIN_V8                ; QSF Assignment ;
; Location     ;                ;              ; GPIO[5]         ; PIN_W8                ; QSF Assignment ;
; Location     ;                ;              ; GPIO[6]         ; PIN_V7                ; QSF Assignment ;
; Location     ;                ;              ; GPIO[7]         ; PIN_W7                ; QSF Assignment ;
; Location     ;                ;              ; GPIO[8]         ; PIN_W6                ; QSF Assignment ;
; Location     ;                ;              ; GPIO[9]         ; PIN_V5                ; QSF Assignment ;
; Location     ;                ;              ; GSENSOR_CS_N    ; PIN_AB16              ; QSF Assignment ;
; Location     ;                ;              ; GSENSOR_INT[1]  ; PIN_Y14               ; QSF Assignment ;
; Location     ;                ;              ; GSENSOR_INT[2]  ; PIN_Y13               ; QSF Assignment ;
; Location     ;                ;              ; GSENSOR_SCLK    ; PIN_AB15              ; QSF Assignment ;
; Location     ;                ;              ; GSENSOR_SDI     ; PIN_V11               ; QSF Assignment ;
; Location     ;                ;              ; GSENSOR_SDO     ; PIN_V12               ; QSF Assignment ;
; Location     ;                ;              ; HEX0[0]         ; PIN_C14               ; QSF Assignment ;
; Location     ;                ;              ; HEX0[1]         ; PIN_E15               ; QSF Assignment ;
; Location     ;                ;              ; HEX0[2]         ; PIN_C15               ; QSF Assignment ;
; Location     ;                ;              ; HEX0[3]         ; PIN_C16               ; QSF Assignment ;
; Location     ;                ;              ; HEX0[4]         ; PIN_E16               ; QSF Assignment ;
; Location     ;                ;              ; HEX0[5]         ; PIN_D17               ; QSF Assignment ;
; Location     ;                ;              ; HEX0[6]         ; PIN_C17               ; QSF Assignment ;
; Location     ;                ;              ; HEX0[7]         ; PIN_D15               ; QSF Assignment ;
; Location     ;                ;              ; HEX1[0]         ; PIN_C18               ; QSF Assignment ;
; Location     ;                ;              ; HEX1[1]         ; PIN_D18               ; QSF Assignment ;
; Location     ;                ;              ; HEX1[2]         ; PIN_E18               ; QSF Assignment ;
; Location     ;                ;              ; HEX1[3]         ; PIN_B16               ; QSF Assignment ;
; Location     ;                ;              ; HEX1[4]         ; PIN_A17               ; QSF Assignment ;
; Location     ;                ;              ; HEX1[5]         ; PIN_A18               ; QSF Assignment ;
; Location     ;                ;              ; HEX1[6]         ; PIN_B17               ; QSF Assignment ;
; Location     ;                ;              ; HEX1[7]         ; PIN_A16               ; QSF Assignment ;
; Location     ;                ;              ; HEX2[0]         ; PIN_B20               ; QSF Assignment ;
; Location     ;                ;              ; HEX2[1]         ; PIN_A20               ; QSF Assignment ;
; Location     ;                ;              ; HEX2[2]         ; PIN_B19               ; QSF Assignment ;
; Location     ;                ;              ; HEX2[3]         ; PIN_A21               ; QSF Assignment ;
; Location     ;                ;              ; HEX2[4]         ; PIN_B21               ; QSF Assignment ;
; Location     ;                ;              ; HEX2[5]         ; PIN_C22               ; QSF Assignment ;
; Location     ;                ;              ; HEX2[6]         ; PIN_B22               ; QSF Assignment ;
; Location     ;                ;              ; HEX2[7]         ; PIN_A19               ; QSF Assignment ;
; Location     ;                ;              ; HEX3[0]         ; PIN_F21               ; QSF Assignment ;
; Location     ;                ;              ; HEX3[1]         ; PIN_E22               ; QSF Assignment ;
; Location     ;                ;              ; HEX3[2]         ; PIN_E21               ; QSF Assignment ;
; Location     ;                ;              ; HEX3[3]         ; PIN_C19               ; QSF Assignment ;
; Location     ;                ;              ; HEX3[4]         ; PIN_C20               ; QSF Assignment ;
; Location     ;                ;              ; HEX3[5]         ; PIN_D19               ; QSF Assignment ;
; Location     ;                ;              ; HEX3[6]         ; PIN_E17               ; QSF Assignment ;
; Location     ;                ;              ; HEX3[7]         ; PIN_D22               ; QSF Assignment ;
; Location     ;                ;              ; HEX4[0]         ; PIN_F18               ; QSF Assignment ;
; Location     ;                ;              ; HEX4[1]         ; PIN_E20               ; QSF Assignment ;
; Location     ;                ;              ; HEX4[2]         ; PIN_E19               ; QSF Assignment ;
; Location     ;                ;              ; HEX4[3]         ; PIN_J18               ; QSF Assignment ;
; Location     ;                ;              ; HEX4[4]         ; PIN_H19               ; QSF Assignment ;
; Location     ;                ;              ; HEX4[5]         ; PIN_F19               ; QSF Assignment ;
; Location     ;                ;              ; HEX4[6]         ; PIN_F20               ; QSF Assignment ;
; Location     ;                ;              ; HEX4[7]         ; PIN_F17               ; QSF Assignment ;
; Location     ;                ;              ; HEX5[0]         ; PIN_J20               ; QSF Assignment ;
; Location     ;                ;              ; HEX5[1]         ; PIN_K20               ; QSF Assignment ;
; Location     ;                ;              ; HEX5[2]         ; PIN_L18               ; QSF Assignment ;
; Location     ;                ;              ; HEX5[3]         ; PIN_N18               ; QSF Assignment ;
; Location     ;                ;              ; HEX5[4]         ; PIN_M20               ; QSF Assignment ;
; Location     ;                ;              ; HEX5[5]         ; PIN_N19               ; QSF Assignment ;
; Location     ;                ;              ; HEX5[6]         ; PIN_N20               ; QSF Assignment ;
; Location     ;                ;              ; HEX5[7]         ; PIN_L19               ; QSF Assignment ;
; Location     ;                ;              ; KEY[0]          ; PIN_B8                ; QSF Assignment ;
; Location     ;                ;              ; KEY[1]          ; PIN_A7                ; QSF Assignment ;
; Location     ;                ;              ; LEDR[0]         ; PIN_A8                ; QSF Assignment ;
; Location     ;                ;              ; LEDR[1]         ; PIN_A9                ; QSF Assignment ;
; Location     ;                ;              ; LEDR[2]         ; PIN_A10               ; QSF Assignment ;
; Location     ;                ;              ; LEDR[3]         ; PIN_B10               ; QSF Assignment ;
; Location     ;                ;              ; LEDR[4]         ; PIN_D13               ; QSF Assignment ;
; Location     ;                ;              ; LEDR[5]         ; PIN_C13               ; QSF Assignment ;
; Location     ;                ;              ; LEDR[6]         ; PIN_E14               ; QSF Assignment ;
; Location     ;                ;              ; LEDR[7]         ; PIN_D14               ; QSF Assignment ;
; Location     ;                ;              ; LEDR[8]         ; PIN_A11               ; QSF Assignment ;
; Location     ;                ;              ; LEDR[9]         ; PIN_B11               ; QSF Assignment ;
; Location     ;                ;              ; MAX10_CLK2_50   ; PIN_N14               ; QSF Assignment ;
; Location     ;                ;              ; SW[0]           ; PIN_C10               ; QSF Assignment ;
; Location     ;                ;              ; SW[1]           ; PIN_C11               ; QSF Assignment ;
; Location     ;                ;              ; SW[2]           ; PIN_D12               ; QSF Assignment ;
; Location     ;                ;              ; SW[3]           ; PIN_C12               ; QSF Assignment ;
; Location     ;                ;              ; SW[4]           ; PIN_A12               ; QSF Assignment ;
; Location     ;                ;              ; SW[5]           ; PIN_B12               ; QSF Assignment ;
; Location     ;                ;              ; SW[6]           ; PIN_A13               ; QSF Assignment ;
; Location     ;                ;              ; SW[7]           ; PIN_A14               ; QSF Assignment ;
; Location     ;                ;              ; SW[8]           ; PIN_B14               ; QSF Assignment ;
; Location     ;                ;              ; SW[9]           ; PIN_F15               ; QSF Assignment ;
; Location     ;                ;              ; UART_RXD        ; PIN_AB5               ; QSF Assignment ;
; Location     ;                ;              ; UART_TXD        ; PIN_AB6               ; QSF Assignment ;
; Location     ;                ;              ; VGA_B[0]        ; PIN_P1                ; QSF Assignment ;
; Location     ;                ;              ; VGA_B[1]        ; PIN_T1                ; QSF Assignment ;
; Location     ;                ;              ; VGA_B[2]        ; PIN_P4                ; QSF Assignment ;
; Location     ;                ;              ; VGA_B[3]        ; PIN_N2                ; QSF Assignment ;
; Location     ;                ;              ; VGA_G[0]        ; PIN_W1                ; QSF Assignment ;
; Location     ;                ;              ; VGA_G[1]        ; PIN_T2                ; QSF Assignment ;
; Location     ;                ;              ; VGA_G[2]        ; PIN_R2                ; QSF Assignment ;
; Location     ;                ;              ; VGA_G[3]        ; PIN_R1                ; QSF Assignment ;
; Location     ;                ;              ; VGA_HS          ; PIN_N3                ; QSF Assignment ;
; Location     ;                ;              ; VGA_R[0]        ; PIN_AA1               ; QSF Assignment ;
; Location     ;                ;              ; VGA_R[1]        ; PIN_V1                ; QSF Assignment ;
; Location     ;                ;              ; VGA_R[2]        ; PIN_Y2                ; QSF Assignment ;
; Location     ;                ;              ; VGA_R[3]        ; PIN_Y1                ; QSF Assignment ;
; Location     ;                ;              ; VGA_VS          ; PIN_N1                ; QSF Assignment ;
; I/O Standard ; register_n     ;              ; ADC_CLK_10      ; 3.3-V LVTTL           ; QSF Assignment ;
; I/O Standard ; register_n     ;              ; ARDUINO_IO[10]  ; 3.3-V LVTTL           ; QSF Assignment ;
; I/O Standard ; register_n     ;              ; ARDUINO_IO[11]  ; 3.3-V LVTTL           ; QSF Assignment ;
; I/O Standard ; register_n     ;              ; ARDUINO_IO[12]  ; 3.3-V LVTTL           ; QSF Assignment ;
; I/O Standard ; register_n     ;              ; ARDUINO_IO[13]  ; 3.3-V LVTTL           ; QSF Assignment ;
; I/O Standard ; register_n     ;              ; ARDUINO_IO[14]  ; 3.3-V LVTTL           ; QSF Assignment ;
; I/O Standard ; register_n     ;              ; ARDUINO_IO[15]  ; 3.3-V LVTTL           ; QSF Assignment ;
; I/O Standard ; register_n     ;              ; ARDUINO_IO[2]   ; 3.3-V LVTTL           ; QSF Assignment ;
; I/O Standard ; register_n     ;              ; ARDUINO_IO[3]   ; 3.3-V LVTTL           ; QSF Assignment ;
; I/O Standard ; register_n     ;              ; ARDUINO_IO[4]   ; 3.3-V LVTTL           ; QSF Assignment ;
; I/O Standard ; register_n     ;              ; ARDUINO_IO[5]   ; 3.3-V LVTTL           ; QSF Assignment ;
; I/O Standard ; register_n     ;              ; ARDUINO_IO[6]   ; 3.3-V LVTTL           ; QSF Assignment ;
; I/O Standard ; register_n     ;              ; ARDUINO_IO[7]   ; 3.3-V LVTTL           ; QSF Assignment ;
; I/O Standard ; register_n     ;              ; ARDUINO_IO[8]   ; 3.3-V LVTTL           ; QSF Assignment ;
; I/O Standard ; register_n     ;              ; ARDUINO_IO[9]   ; 3.3-V LVTTL           ; QSF Assignment ;
; I/O Standard ; register_n     ;              ; ARDUINO_RESET_N ; 3.3-V LVTTL           ; QSF Assignment ;
; I/O Standard ; register_n     ;              ; CLOCK_50        ; 3.3-V LVTTL           ; QSF Assignment ;
; I/O Standard ; register_n     ;              ; DRAM_ADDR[0]    ; 3.3-V LVTTL           ; QSF Assignment ;
; I/O Standard ; register_n     ;              ; DRAM_ADDR[10]   ; 3.3-V LVTTL           ; QSF Assignment ;
; I/O Standard ; register_n     ;              ; DRAM_ADDR[11]   ; 3.3-V LVTTL           ; QSF Assignment ;
; I/O Standard ; register_n     ;              ; DRAM_ADDR[12]   ; 3.3-V LVTTL           ; QSF Assignment ;
; I/O Standard ; register_n     ;              ; DRAM_ADDR[1]    ; 3.3-V LVTTL           ; QSF Assignment ;
; I/O Standard ; register_n     ;              ; DRAM_ADDR[2]    ; 3.3-V LVTTL           ; QSF Assignment ;
; I/O Standard ; register_n     ;              ; DRAM_ADDR[3]    ; 3.3-V LVTTL           ; QSF Assignment ;
; I/O Standard ; register_n     ;              ; DRAM_ADDR[4]    ; 3.3-V LVTTL           ; QSF Assignment ;
; I/O Standard ; register_n     ;              ; DRAM_ADDR[5]    ; 3.3-V LVTTL           ; QSF Assignment ;
; I/O Standard ; register_n     ;              ; DRAM_ADDR[6]    ; 3.3-V LVTTL           ; QSF Assignment ;
; I/O Standard ; register_n     ;              ; DRAM_ADDR[7]    ; 3.3-V LVTTL           ; QSF Assignment ;
; I/O Standard ; register_n     ;              ; DRAM_ADDR[8]    ; 3.3-V LVTTL           ; QSF Assignment ;
; I/O Standard ; register_n     ;              ; DRAM_ADDR[9]    ; 3.3-V LVTTL           ; QSF Assignment ;
; I/O Standard ; register_n     ;              ; DRAM_BA[0]      ; 3.3-V LVTTL           ; QSF Assignment ;
; I/O Standard ; register_n     ;              ; DRAM_BA[1]      ; 3.3-V LVTTL           ; QSF Assignment ;
; I/O Standard ; register_n     ;              ; DRAM_CAS_N      ; 3.3-V LVTTL           ; QSF Assignment ;
; I/O Standard ; register_n     ;              ; DRAM_CKE        ; 3.3-V LVTTL           ; QSF Assignment ;
; I/O Standard ; register_n     ;              ; DRAM_CLK        ; 3.3-V LVTTL           ; QSF Assignment ;
; I/O Standard ; register_n     ;              ; DRAM_CS_N       ; 3.3-V LVTTL           ; QSF Assignment ;
; I/O Standard ; register_n     ;              ; DRAM_DQ[0]      ; 3.3-V LVTTL           ; QSF Assignment ;
; I/O Standard ; register_n     ;              ; DRAM_DQ[10]     ; 3.3-V LVTTL           ; QSF Assignment ;
; I/O Standard ; register_n     ;              ; DRAM_DQ[11]     ; 3.3-V LVTTL           ; QSF Assignment ;
; I/O Standard ; register_n     ;              ; DRAM_DQ[12]     ; 3.3-V LVTTL           ; QSF Assignment ;
; I/O Standard ; register_n     ;              ; DRAM_DQ[13]     ; 3.3-V LVTTL           ; QSF Assignment ;
; I/O Standard ; register_n     ;              ; DRAM_DQ[14]     ; 3.3-V LVTTL           ; QSF Assignment ;
; I/O Standard ; register_n     ;              ; DRAM_DQ[15]     ; 3.3-V LVTTL           ; QSF Assignment ;
; I/O Standard ; register_n     ;              ; DRAM_DQ[1]      ; 3.3-V LVTTL           ; QSF Assignment ;
; I/O Standard ; register_n     ;              ; DRAM_DQ[2]      ; 3.3-V LVTTL           ; QSF Assignment ;
; I/O Standard ; register_n     ;              ; DRAM_DQ[3]      ; 3.3-V LVTTL           ; QSF Assignment ;
; I/O Standard ; register_n     ;              ; DRAM_DQ[4]      ; 3.3-V LVTTL           ; QSF Assignment ;
; I/O Standard ; register_n     ;              ; DRAM_DQ[5]      ; 3.3-V LVTTL           ; QSF Assignment ;
; I/O Standard ; register_n     ;              ; DRAM_DQ[6]      ; 3.3-V LVTTL           ; QSF Assignment ;
; I/O Standard ; register_n     ;              ; DRAM_DQ[7]      ; 3.3-V LVTTL           ; QSF Assignment ;
; I/O Standard ; register_n     ;              ; DRAM_DQ[8]      ; 3.3-V LVTTL           ; QSF Assignment ;
; I/O Standard ; register_n     ;              ; DRAM_DQ[9]      ; 3.3-V LVTTL           ; QSF Assignment ;
; I/O Standard ; register_n     ;              ; DRAM_LDQM       ; 3.3-V LVTTL           ; QSF Assignment ;
; I/O Standard ; register_n     ;              ; DRAM_RAS_N      ; 3.3-V LVTTL           ; QSF Assignment ;
; I/O Standard ; register_n     ;              ; DRAM_UDQM       ; 3.3-V LVTTL           ; QSF Assignment ;
; I/O Standard ; register_n     ;              ; DRAM_WE_N       ; 3.3-V LVTTL           ; QSF Assignment ;
; I/O Standard ; register_n     ;              ; GPIO[0]         ; 3.3-V LVTTL           ; QSF Assignment ;
; I/O Standard ; register_n     ;              ; GPIO[10]        ; 3.3-V LVTTL           ; QSF Assignment ;
; I/O Standard ; register_n     ;              ; GPIO[11]        ; 3.3-V LVTTL           ; QSF Assignment ;
; I/O Standard ; register_n     ;              ; GPIO[12]        ; 3.3-V LVTTL           ; QSF Assignment ;
; I/O Standard ; register_n     ;              ; GPIO[13]        ; 3.3-V LVTTL           ; QSF Assignment ;
; I/O Standard ; register_n     ;              ; GPIO[14]        ; 3.3-V LVTTL           ; QSF Assignment ;
; I/O Standard ; register_n     ;              ; GPIO[15]        ; 3.3-V LVTTL           ; QSF Assignment ;
; I/O Standard ; register_n     ;              ; GPIO[16]        ; 3.3-V LVTTL           ; QSF Assignment ;
; I/O Standard ; register_n     ;              ; GPIO[17]        ; 3.3-V LVTTL           ; QSF Assignment ;
; I/O Standard ; register_n     ;              ; GPIO[18]        ; 3.3-V LVTTL           ; QSF Assignment ;
; I/O Standard ; register_n     ;              ; GPIO[19]        ; 3.3-V LVTTL           ; QSF Assignment ;
; I/O Standard ; register_n     ;              ; GPIO[1]         ; 3.3-V LVTTL           ; QSF Assignment ;
; I/O Standard ; register_n     ;              ; GPIO[20]        ; 3.3-V LVTTL           ; QSF Assignment ;
; I/O Standard ; register_n     ;              ; GPIO[21]        ; 3.3-V LVTTL           ; QSF Assignment ;
; I/O Standard ; register_n     ;              ; GPIO[22]        ; 3.3-V LVTTL           ; QSF Assignment ;
; I/O Standard ; register_n     ;              ; GPIO[23]        ; 3.3-V LVTTL           ; QSF Assignment ;
; I/O Standard ; register_n     ;              ; GPIO[24]        ; 3.3-V LVTTL           ; QSF Assignment ;
; I/O Standard ; register_n     ;              ; GPIO[25]        ; 3.3-V LVTTL           ; QSF Assignment ;
; I/O Standard ; register_n     ;              ; GPIO[26]        ; 3.3-V LVTTL           ; QSF Assignment ;
; I/O Standard ; register_n     ;              ; GPIO[27]        ; 3.3-V LVTTL           ; QSF Assignment ;
; I/O Standard ; register_n     ;              ; GPIO[28]        ; 3.3-V LVTTL           ; QSF Assignment ;
; I/O Standard ; register_n     ;              ; GPIO[29]        ; 3.3-V LVTTL           ; QSF Assignment ;
; I/O Standard ; register_n     ;              ; GPIO[2]         ; 3.3-V LVTTL           ; QSF Assignment ;
; I/O Standard ; register_n     ;              ; GPIO[30]        ; 3.3-V LVTTL           ; QSF Assignment ;
; I/O Standard ; register_n     ;              ; GPIO[31]        ; 3.3-V LVTTL           ; QSF Assignment ;
; I/O Standard ; register_n     ;              ; GPIO[32]        ; 3.3-V LVTTL           ; QSF Assignment ;
; I/O Standard ; register_n     ;              ; GPIO[33]        ; 3.3-V LVTTL           ; QSF Assignment ;
; I/O Standard ; register_n     ;              ; GPIO[34]        ; 3.3-V LVTTL           ; QSF Assignment ;
; I/O Standard ; register_n     ;              ; GPIO[35]        ; 3.3-V LVTTL           ; QSF Assignment ;
; I/O Standard ; register_n     ;              ; GPIO[3]         ; 3.3-V LVTTL           ; QSF Assignment ;
; I/O Standard ; register_n     ;              ; GPIO[4]         ; 3.3-V LVTTL           ; QSF Assignment ;
; I/O Standard ; register_n     ;              ; GPIO[5]         ; 3.3-V LVTTL           ; QSF Assignment ;
; I/O Standard ; register_n     ;              ; GPIO[6]         ; 3.3-V LVTTL           ; QSF Assignment ;
; I/O Standard ; register_n     ;              ; GPIO[7]         ; 3.3-V LVTTL           ; QSF Assignment ;
; I/O Standard ; register_n     ;              ; GPIO[8]         ; 3.3-V LVTTL           ; QSF Assignment ;
; I/O Standard ; register_n     ;              ; GPIO[9]         ; 3.3-V LVTTL           ; QSF Assignment ;
; I/O Standard ; register_n     ;              ; GSENSOR_CS_N    ; 3.3-V LVTTL           ; QSF Assignment ;
; I/O Standard ; register_n     ;              ; GSENSOR_INT[1]  ; 3.3-V LVTTL           ; QSF Assignment ;
; I/O Standard ; register_n     ;              ; GSENSOR_INT[2]  ; 3.3-V LVTTL           ; QSF Assignment ;
; I/O Standard ; register_n     ;              ; GSENSOR_SCLK    ; 3.3-V LVTTL           ; QSF Assignment ;
; I/O Standard ; register_n     ;              ; GSENSOR_SDI     ; 3.3-V LVTTL           ; QSF Assignment ;
; I/O Standard ; register_n     ;              ; GSENSOR_SDO     ; 3.3-V LVTTL           ; QSF Assignment ;
; I/O Standard ; register_n     ;              ; HEX0[0]         ; 3.3-V LVTTL           ; QSF Assignment ;
; I/O Standard ; register_n     ;              ; HEX0[1]         ; 3.3-V LVTTL           ; QSF Assignment ;
; I/O Standard ; register_n     ;              ; HEX0[2]         ; 3.3-V LVTTL           ; QSF Assignment ;
; I/O Standard ; register_n     ;              ; HEX0[3]         ; 3.3-V LVTTL           ; QSF Assignment ;
; I/O Standard ; register_n     ;              ; HEX0[4]         ; 3.3-V LVTTL           ; QSF Assignment ;
; I/O Standard ; register_n     ;              ; HEX0[5]         ; 3.3-V LVTTL           ; QSF Assignment ;
; I/O Standard ; register_n     ;              ; HEX0[6]         ; 3.3-V LVTTL           ; QSF Assignment ;
; I/O Standard ; register_n     ;              ; HEX0[7]         ; 3.3-V LVTTL           ; QSF Assignment ;
; I/O Standard ; register_n     ;              ; HEX1[0]         ; 3.3-V LVTTL           ; QSF Assignment ;
; I/O Standard ; register_n     ;              ; HEX1[1]         ; 3.3-V LVTTL           ; QSF Assignment ;
; I/O Standard ; register_n     ;              ; HEX1[2]         ; 3.3-V LVTTL           ; QSF Assignment ;
; I/O Standard ; register_n     ;              ; HEX1[3]         ; 3.3-V LVTTL           ; QSF Assignment ;
; I/O Standard ; register_n     ;              ; HEX1[4]         ; 3.3-V LVTTL           ; QSF Assignment ;
; I/O Standard ; register_n     ;              ; HEX1[5]         ; 3.3-V LVTTL           ; QSF Assignment ;
; I/O Standard ; register_n     ;              ; HEX1[6]         ; 3.3-V LVTTL           ; QSF Assignment ;
; I/O Standard ; register_n     ;              ; HEX1[7]         ; 3.3-V LVTTL           ; QSF Assignment ;
; I/O Standard ; register_n     ;              ; HEX2[0]         ; 3.3-V LVTTL           ; QSF Assignment ;
; I/O Standard ; register_n     ;              ; HEX2[1]         ; 3.3-V LVTTL           ; QSF Assignment ;
; I/O Standard ; register_n     ;              ; HEX2[2]         ; 3.3-V LVTTL           ; QSF Assignment ;
; I/O Standard ; register_n     ;              ; HEX2[3]         ; 3.3-V LVTTL           ; QSF Assignment ;
; I/O Standard ; register_n     ;              ; HEX2[4]         ; 3.3-V LVTTL           ; QSF Assignment ;
; I/O Standard ; register_n     ;              ; HEX2[5]         ; 3.3-V LVTTL           ; QSF Assignment ;
; I/O Standard ; register_n     ;              ; HEX2[6]         ; 3.3-V LVTTL           ; QSF Assignment ;
; I/O Standard ; register_n     ;              ; HEX2[7]         ; 3.3-V LVTTL           ; QSF Assignment ;
; I/O Standard ; register_n     ;              ; HEX3[0]         ; 3.3-V LVTTL           ; QSF Assignment ;
; I/O Standard ; register_n     ;              ; HEX3[1]         ; 3.3-V LVTTL           ; QSF Assignment ;
; I/O Standard ; register_n     ;              ; HEX3[2]         ; 3.3-V LVTTL           ; QSF Assignment ;
; I/O Standard ; register_n     ;              ; HEX3[3]         ; 3.3-V LVTTL           ; QSF Assignment ;
; I/O Standard ; register_n     ;              ; HEX3[4]         ; 3.3-V LVTTL           ; QSF Assignment ;
; I/O Standard ; register_n     ;              ; HEX3[5]         ; 3.3-V LVTTL           ; QSF Assignment ;
; I/O Standard ; register_n     ;              ; HEX3[6]         ; 3.3-V LVTTL           ; QSF Assignment ;
; I/O Standard ; register_n     ;              ; HEX3[7]         ; 3.3-V LVTTL           ; QSF Assignment ;
; I/O Standard ; register_n     ;              ; HEX4[0]         ; 3.3-V LVTTL           ; QSF Assignment ;
; I/O Standard ; register_n     ;              ; HEX4[1]         ; 3.3-V LVTTL           ; QSF Assignment ;
; I/O Standard ; register_n     ;              ; HEX4[2]         ; 3.3-V LVTTL           ; QSF Assignment ;
; I/O Standard ; register_n     ;              ; HEX4[3]         ; 3.3-V LVTTL           ; QSF Assignment ;
; I/O Standard ; register_n     ;              ; HEX4[4]         ; 3.3-V LVTTL           ; QSF Assignment ;
; I/O Standard ; register_n     ;              ; HEX4[5]         ; 3.3-V LVTTL           ; QSF Assignment ;
; I/O Standard ; register_n     ;              ; HEX4[6]         ; 3.3-V LVTTL           ; QSF Assignment ;
; I/O Standard ; register_n     ;              ; HEX4[7]         ; 3.3-V LVTTL           ; QSF Assignment ;
; I/O Standard ; register_n     ;              ; HEX5[0]         ; 3.3-V LVTTL           ; QSF Assignment ;
; I/O Standard ; register_n     ;              ; HEX5[1]         ; 3.3-V LVTTL           ; QSF Assignment ;
; I/O Standard ; register_n     ;              ; HEX5[2]         ; 3.3-V LVTTL           ; QSF Assignment ;
; I/O Standard ; register_n     ;              ; HEX5[3]         ; 3.3-V LVTTL           ; QSF Assignment ;
; I/O Standard ; register_n     ;              ; HEX5[4]         ; 3.3-V LVTTL           ; QSF Assignment ;
; I/O Standard ; register_n     ;              ; HEX5[5]         ; 3.3-V LVTTL           ; QSF Assignment ;
; I/O Standard ; register_n     ;              ; HEX5[6]         ; 3.3-V LVTTL           ; QSF Assignment ;
; I/O Standard ; register_n     ;              ; HEX5[7]         ; 3.3-V LVTTL           ; QSF Assignment ;
; I/O Standard ; register_n     ;              ; KEY[0]          ; 3.3 V SCHMITT TRIGGER ; QSF Assignment ;
; I/O Standard ; register_n     ;              ; KEY[1]          ; 3.3 V SCHMITT TRIGGER ; QSF Assignment ;
; I/O Standard ; register_n     ;              ; LEDR[0]         ; 3.3-V LVTTL           ; QSF Assignment ;
; I/O Standard ; register_n     ;              ; LEDR[1]         ; 3.3-V LVTTL           ; QSF Assignment ;
; I/O Standard ; register_n     ;              ; LEDR[2]         ; 3.3-V LVTTL           ; QSF Assignment ;
; I/O Standard ; register_n     ;              ; LEDR[3]         ; 3.3-V LVTTL           ; QSF Assignment ;
; I/O Standard ; register_n     ;              ; LEDR[4]         ; 3.3-V LVTTL           ; QSF Assignment ;
; I/O Standard ; register_n     ;              ; LEDR[5]         ; 3.3-V LVTTL           ; QSF Assignment ;
; I/O Standard ; register_n     ;              ; LEDR[6]         ; 3.3-V LVTTL           ; QSF Assignment ;
; I/O Standard ; register_n     ;              ; LEDR[7]         ; 3.3-V LVTTL           ; QSF Assignment ;
; I/O Standard ; register_n     ;              ; LEDR[8]         ; 3.3-V LVTTL           ; QSF Assignment ;
; I/O Standard ; register_n     ;              ; LEDR[9]         ; 3.3-V LVTTL           ; QSF Assignment ;
; I/O Standard ; register_n     ;              ; MAX10_CLK2_50   ; 3.3-V LVTTL           ; QSF Assignment ;
; I/O Standard ; register_n     ;              ; SW[0]           ; 3.3-V LVTTL           ; QSF Assignment ;
; I/O Standard ; register_n     ;              ; SW[1]           ; 3.3-V LVTTL           ; QSF Assignment ;
; I/O Standard ; register_n     ;              ; SW[2]           ; 3.3-V LVTTL           ; QSF Assignment ;
; I/O Standard ; register_n     ;              ; SW[3]           ; 3.3-V LVTTL           ; QSF Assignment ;
; I/O Standard ; register_n     ;              ; SW[4]           ; 3.3-V LVTTL           ; QSF Assignment ;
; I/O Standard ; register_n     ;              ; SW[5]           ; 3.3-V LVTTL           ; QSF Assignment ;
; I/O Standard ; register_n     ;              ; SW[6]           ; 3.3-V LVTTL           ; QSF Assignment ;
; I/O Standard ; register_n     ;              ; SW[7]           ; 3.3-V LVTTL           ; QSF Assignment ;
; I/O Standard ; register_n     ;              ; SW[8]           ; 3.3-V LVTTL           ; QSF Assignment ;
; I/O Standard ; register_n     ;              ; SW[9]           ; 3.3-V LVTTL           ; QSF Assignment ;
; I/O Standard ; register_n     ;              ; UART_RXD        ; 3.3-V LVTTL           ; QSF Assignment ;
; I/O Standard ; register_n     ;              ; UART_TXD        ; 3.3-V LVTTL           ; QSF Assignment ;
; I/O Standard ; register_n     ;              ; VGA_B[0]        ; 3.3-V LVTTL           ; QSF Assignment ;
; I/O Standard ; register_n     ;              ; VGA_B[1]        ; 3.3-V LVTTL           ; QSF Assignment ;
; I/O Standard ; register_n     ;              ; VGA_B[2]        ; 3.3-V LVTTL           ; QSF Assignment ;
; I/O Standard ; register_n     ;              ; VGA_B[3]        ; 3.3-V LVTTL           ; QSF Assignment ;
; I/O Standard ; register_n     ;              ; VGA_G[0]        ; 3.3-V LVTTL           ; QSF Assignment ;
; I/O Standard ; register_n     ;              ; VGA_G[1]        ; 3.3-V LVTTL           ; QSF Assignment ;
; I/O Standard ; register_n     ;              ; VGA_G[2]        ; 3.3-V LVTTL           ; QSF Assignment ;
; I/O Standard ; register_n     ;              ; VGA_G[3]        ; 3.3-V LVTTL           ; QSF Assignment ;
; I/O Standard ; register_n     ;              ; VGA_HS          ; 3.3-V LVTTL           ; QSF Assignment ;
; I/O Standard ; register_n     ;              ; VGA_R[0]        ; 3.3-V LVTTL           ; QSF Assignment ;
; I/O Standard ; register_n     ;              ; VGA_R[1]        ; 3.3-V LVTTL           ; QSF Assignment ;
; I/O Standard ; register_n     ;              ; VGA_R[2]        ; 3.3-V LVTTL           ; QSF Assignment ;
; I/O Standard ; register_n     ;              ; VGA_R[3]        ; 3.3-V LVTTL           ; QSF Assignment ;
; I/O Standard ; register_n     ;              ; VGA_VS          ; 3.3-V LVTTL           ; QSF Assignment ;
+--------------+----------------+--------------+-----------------+-----------------------+----------------+


+--------------------------------------------------------------------------------------------------+
; Incremental Compilation Preservation Summary                                                     ;
+---------------------+--------------------+----------------------------+--------------------------+
; Type                ; Total [A + B]      ; From Design Partitions [A] ; From Rapid Recompile [B] ;
+---------------------+--------------------+----------------------------+--------------------------+
; Placement (by node) ;                    ;                            ;                          ;
;     -- Requested    ; 0.00 % ( 0 / 123 ) ; 0.00 % ( 0 / 123 )         ; 0.00 % ( 0 / 123 )       ;
;     -- Achieved     ; 0.00 % ( 0 / 123 ) ; 0.00 % ( 0 / 123 )         ; 0.00 % ( 0 / 123 )       ;
;                     ;                    ;                            ;                          ;
; Routing (by net)    ;                    ;                            ;                          ;
;     -- Requested    ; 0.00 % ( 0 / 0 )   ; 0.00 % ( 0 / 0 )           ; 0.00 % ( 0 / 0 )         ;
;     -- Achieved     ; 0.00 % ( 0 / 0 )   ; 0.00 % ( 0 / 0 )           ; 0.00 % ( 0 / 0 )         ;
+---------------------+--------------------+----------------------------+--------------------------+


+----------------------------------------------------------------------------------------------------------------------------------------------------------------------------------------+
; Incremental Compilation Partition Settings                                                                                                                                             ;
+--------------------------------+----------------+-------------------+-------------------------+------------------------+------------------------------+--------------------------------+
; Partition Name                 ; Partition Type ; Netlist Type Used ; Preservation Level Used ; Netlist Type Requested ; Preservation Level Requested ; Contents                       ;
+--------------------------------+----------------+-------------------+-------------------------+------------------------+------------------------------+--------------------------------+
; Top                            ; User-created   ; Source File       ; N/A                     ; Source File            ; N/A                          ;                                ;
; hard_block:auto_generated_inst ; Auto-generated ; Source File       ; N/A                     ; Source File            ; N/A                          ; hard_block:auto_generated_inst ;
+--------------------------------+----------------+-------------------+-------------------------+------------------------+------------------------------+--------------------------------+


+------------------------------------------------------------------------------------------------------------------------------------+
; Incremental Compilation Placement Preservation                                                                                     ;
+--------------------------------+-----------------------+-------------------------+-------------------+---------------------+-------+
; Partition Name                 ; Preservation Achieved ; Preservation Level Used ; Netlist Type Used ; Preservation Method ; Notes ;
+--------------------------------+-----------------------+-------------------------+-------------------+---------------------+-------+
; Top                            ; 0.00 % ( 0 / 107 )    ; N/A                     ; Source File       ; N/A                 ;       ;
; hard_block:auto_generated_inst ; 0.00 % ( 0 / 16 )     ; N/A                     ; Source File       ; N/A                 ;       ;
+--------------------------------+-----------------------+-------------------------+-------------------+---------------------+-------+


+--------------+
; Pin-Out File ;
+--------------+
The pin-out file can be found in C:/Users/Exam/Desktop/uni/2026/ECE2072/Ece2072Project/output_files/ECE2072Project.pin.


+--------------------------------------------------------------------+
; Fitter Resource Usage Summary                                      ;
+---------------------------------------------+----------------------+
; Resource                                    ; Usage                ;
+---------------------------------------------+----------------------+
; Total logic elements                        ; 18 / 8,064 ( < 1 % ) ;
;     -- Combinational with no register       ; 2                    ;
;     -- Register only                        ; 0                    ;
;     -- Combinational with a register        ; 16                   ;
;                                             ;                      ;
; Logic element usage by number of LUT inputs ;                      ;
;     -- 4 input functions                    ; 0                    ;
;     -- 3 input functions                    ; 0                    ;
;     -- <=2 input functions                  ; 18                   ;
;     -- Register only                        ; 0                    ;
;                                             ;                      ;
; Logic elements by mode                      ;                      ;
;     -- normal mode                          ; 18                   ;
;     -- arithmetic mode                      ; 0                    ;
;                                             ;                      ;
; Total registers*                            ; 16 / 9,287 ( < 1 % ) ;
;     -- Dedicated logic registers            ; 16 / 8,064 ( < 1 % ) ;
;     -- I/O registers                        ; 0 / 1,223 ( 0 % )    ;
;                                             ;                      ;
; Total LABs:  partially or completely used   ; 3 / 504 ( < 1 % )    ;
; Virtual pins                                ; 0                    ;
; I/O pins                                    ; 35 / 250 ( 14 % )    ;
;     -- Clock pins                           ; 1 / 4 ( 25 % )       ;
;     -- Dedicated input pins                 ; 1 / 1 ( 100 % )      ;
;                                             ;                      ;
; M9Ks                                        ; 0 / 42 ( 0 % )       ;
; UFM blocks                                  ; 0 / 1 ( 0 % )        ;
; ADC blocks                                  ; 0 / 1 ( 0 % )        ;
; Total block memory bits                     ; 0 / 387,072 ( 0 % )  ;
; Total block memory implementation bits      ; 0 / 387,072 ( 0 % )  ;
; Embedded Multiplier 9-bit elements          ; 0 / 48 ( 0 % )       ;
; PLLs                                        ; 0 / 2 ( 0 % )        ;
; Global signals                              ; 1                    ;
;     -- Global clocks                        ; 1 / 10 ( 10 % )      ;
; JTAGs                                       ; 0 / 1 ( 0 % )        ;
; CRC blocks                                  ; 0 / 1 ( 0 % )        ;
; Remote update blocks                        ; 0 / 1 ( 0 % )        ;
; Oscillator blocks                           ; 0 / 1 ( 0 % )        ;
; Average interconnect usage (total/H/V)      ; 0.1% / 0.1% / 0.2%   ;
; Peak interconnect usage (total/H/V)         ; 0.7% / 0.5% / 0.9%   ;
; Maximum fan-out                             ; 17                   ;
; Highest non-global fan-out                  ; 17                   ;
; Total fan-out                               ; 144                  ;
; Average fan-out                             ; 1.17                 ;
+---------------------------------------------+----------------------+
*  Register count does not include registers inside RAM blocks or DSP blocks.



+----------------------------------------------------------------------------------------------------+
; Fitter Partition Statistics                                                                        ;
+---------------------------------------------+---------------------+--------------------------------+
; Statistic                                   ; Top                 ; hard_block:auto_generated_inst ;
+---------------------------------------------+---------------------+--------------------------------+
; Difficulty Clustering Region                ; Low                 ; Low                            ;
;                                             ;                     ;                                ;
; Total logic elements                        ; 18 / 8064 ( < 1 % ) ; 0 / 8064 ( 0 % )               ;
;     -- Combinational with no register       ; 2                   ; 0                              ;
;     -- Register only                        ; 0                   ; 0                              ;
;     -- Combinational with a register        ; 16                  ; 0                              ;
;                                             ;                     ;                                ;
; Logic element usage by number of LUT inputs ;                     ;                                ;
;     -- 4 input functions                    ; 0                   ; 0                              ;
;     -- 3 input functions                    ; 0                   ; 0                              ;
;     -- <=2 input functions                  ; 18                  ; 0                              ;
;     -- Register only                        ; 0                   ; 0                              ;
;                                             ;                     ;                                ;
; Logic elements by mode                      ;                     ;                                ;
;     -- normal mode                          ; 18                  ; 0                              ;
;     -- arithmetic mode                      ; 0                   ; 0                              ;
;                                             ;                     ;                                ;
; Total registers                             ; 16                  ; 0                              ;
;     -- Dedicated logic registers            ; 16 / 8064 ( < 1 % ) ; 0 / 8064 ( 0 % )               ;
;     -- I/O registers                        ; 0                   ; 0                              ;
;                                             ;                     ;                                ;
; Total LABs:  partially or completely used   ; 3 / 504 ( < 1 % )   ; 0 / 504 ( 0 % )                ;
;                                             ;                     ;                                ;
; Virtual pins                                ; 0                   ; 0                              ;
; I/O pins                                    ; 35                  ; 0                              ;
; Embedded Multiplier 9-bit elements          ; 0 / 48 ( 0 % )      ; 0 / 48 ( 0 % )                 ;
; Total memory bits                           ; 0                   ; 0                              ;
; Total RAM block bits                        ; 0                   ; 0                              ;
; Clock control block                         ; 1 / 12 ( 8 % )      ; 0 / 12 ( 0 % )                 ;
; User Flash Memory                           ; 1 / 1 ( 100 % )     ; 0 / 1 ( 0 % )                  ;
; Analog-to-Digital Converter                 ; 1 / 1 ( 100 % )     ; 0 / 1 ( 0 % )                  ;
;                                             ;                     ;                                ;
; Connections                                 ;                     ;                                ;
;     -- Input Connections                    ; 0                   ; 0                              ;
;     -- Registered Input Connections         ; 0                   ; 0                              ;
;     -- Output Connections                   ; 0                   ; 0                              ;
;     -- Registered Output Connections        ; 0                   ; 0                              ;
;                                             ;                     ;                                ;
; Internal Connections                        ;                     ;                                ;
;     -- Total Connections                    ; 144                 ; 8                              ;
;     -- Registered Connections               ; 16                  ; 0                              ;
;                                             ;                     ;                                ;
; External Connections                        ;                     ;                                ;
;     -- Top                                  ; 0                   ; 0                              ;
;     -- hard_block:auto_generated_inst       ; 0                   ; 0                              ;
;                                             ;                     ;                                ;
; Partition Interface                         ;                     ;                                ;
;     -- Input Ports                          ; 19                  ; 0                              ;
;     -- Output Ports                         ; 16                  ; 0                              ;
;     -- Bidir Ports                          ; 0                   ; 0                              ;
;                                             ;                     ;                                ;
; Registered Ports                            ;                     ;                                ;
;     -- Registered Input Ports               ; 0                   ; 0                              ;
;     -- Registered Output Ports              ; 0                   ; 0                              ;
;                                             ;                     ;                                ;
; Port Connectivity                           ;                     ;                                ;
;     -- Input Ports driven by GND            ; 0                   ; 0                              ;
;     -- Output Ports driven by GND           ; 0                   ; 0                              ;
;     -- Input Ports driven by VCC            ; 0                   ; 0                              ;
;     -- Output Ports driven by VCC           ; 0                   ; 0                              ;
;     -- Input Ports with no Source           ; 0                   ; 0                              ;
;     -- Output Ports with no Source          ; 0                   ; 0                              ;
;     -- Input Ports with no Fanout           ; 0                   ; 0                              ;
;     -- Output Ports with no Fanout          ; 0                   ; 0                              ;
+---------------------------------------------+---------------------+--------------------------------+


+----------------------------------------------------------------------------------------------------------------------------------------------------------------------------------------------------------------------------------------------------------------------------------------------+
; Input Pins                                                                                                                                                                                                                                                                                   ;
+-------------+-------+----------+--------------+--------------+--------------+-----------------------+--------------------+--------+----------------+---------------+-----------------+----------+--------------+--------------+---------------------------+----------------------+-----------+
; Name        ; Pin # ; I/O Bank ; X coordinate ; Y coordinate ; Z coordinate ; Combinational Fan-Out ; Registered Fan-Out ; Global ; Input Register ; Power Up High ; PCI I/O Enabled ; Bus Hold ; Weak Pull Up ; I/O Standard ; Termination Control Block ; Location assigned by ; Slew Rate ;
+-------------+-------+----------+--------------+--------------+--------------+-----------------------+--------------------+--------+----------------+---------------+-----------------+----------+--------------+--------------+---------------------------+----------------------+-----------+
; clk         ; M8    ; 2        ; 0            ; 6            ; 14           ; 16                    ; 0                  ; yes    ; no             ; no            ; yes             ; no       ; Off          ; 2.5 V        ; --                        ; Fitter               ; 0         ;
; data_in[0]  ; C9    ; 7        ; 19           ; 25           ; 7            ; 1                     ; 0                  ; no     ; no             ; no            ; yes             ; no       ; Off          ; 2.5 V        ; --                        ; Fitter               ; 0         ;
; data_in[10] ; B7    ; 8        ; 15           ; 25           ; 0            ; 1                     ; 0                  ; no     ; no             ; no            ; yes             ; no       ; Off          ; 2.5 V        ; --                        ; Fitter               ; 0         ;
; data_in[11] ; A9    ; 7        ; 19           ; 25           ; 14           ; 1                     ; 0                  ; no     ; no             ; no            ; yes             ; no       ; Off          ; 2.5 V        ; --                        ; Fitter               ; 0         ;
; data_in[12] ; A6    ; 8        ; 15           ; 25           ; 7            ; 1                     ; 0                  ; no     ; no             ; no            ; yes             ; no       ; Off          ; 2.5 V        ; --                        ; Fitter               ; 0         ;
; data_in[13] ; A2    ; 8        ; 11           ; 25           ; 14           ; 1                     ; 0                  ; no     ; no             ; no            ; yes             ; no       ; Off          ; 2.5 V        ; --                        ; Fitter               ; 0         ;
; data_in[14] ; K6    ; 1A       ; 10           ; 19           ; 21           ; 1                     ; 0                  ; no     ; no             ; no            ; yes             ; no       ; Off          ; 2.5 V        ; --                        ; Fitter               ; 0         ;
; data_in[15] ; C8    ; 8        ; 17           ; 25           ; 7            ; 1                     ; 0                  ; no     ; no             ; no            ; yes             ; no       ; Off          ; 2.5 V        ; --                        ; Fitter               ; 0         ;
; data_in[1]  ; K5    ; 1A       ; 10           ; 19           ; 14           ; 1                     ; 0                  ; no     ; no             ; no            ; yes             ; no       ; Off          ; 2.5 V        ; --                        ; Fitter               ; 0         ;
; data_in[2]  ; F4    ; 1A       ; 10           ; 22           ; 21           ; 1                     ; 0                  ; no     ; no             ; no            ; yes             ; no       ; Off          ; 2.5 V        ; --                        ; Fitter               ; 0         ;
; data_in[3]  ; L9    ; 1B       ; 10           ; 15           ; 21           ; 1                     ; 0                  ; no     ; no             ; no            ; yes             ; no       ; Off          ; 2.5 V        ; --                        ; Fitter               ; 0         ;
; data_in[4]  ; E4    ; 1A       ; 10           ; 22           ; 0            ; 1                     ; 0                  ; no     ; no             ; no            ; yes             ; no       ; Off          ; 2.5 V        ; --                        ; Fitter               ; 0         ;
; data_in[5]  ; J9    ; 1A       ; 10           ; 21           ; 21           ; 1                     ; 0                  ; no     ; no             ; no            ; yes             ; no       ; Off          ; 2.5 V        ; --                        ; Fitter               ; 0         ;
; data_in[6]  ; J10   ; 8        ; 17           ; 25           ; 21           ; 1                     ; 0                  ; no     ; no             ; no            ; yes             ; no       ; Off          ; 2.5 V        ; --                        ; Fitter               ; 0         ;
; data_in[7]  ; J8    ; 1A       ; 10           ; 21           ; 14           ; 1                     ; 0                  ; no     ; no             ; no            ; yes             ; no       ; Off          ; 2.5 V        ; --                        ; Fitter               ; 0         ;
; data_in[8]  ; D8    ; 8        ; 15           ; 25           ; 14           ; 1                     ; 0                  ; no     ; no             ; no            ; yes             ; no       ; Off          ; 2.5 V        ; --                        ; Fitter               ; 0         ;
; data_in[9]  ; H3    ; 1A       ; 10           ; 20           ; 21           ; 1                     ; 0                  ; no     ; no             ; no            ; yes             ; no       ; Off          ; 2.5 V        ; --                        ; Fitter               ; 0         ;
; r_in        ; F5    ; 1A       ; 10           ; 22           ; 14           ; 1                     ; 0                  ; no     ; no             ; no            ; yes             ; no       ; Off          ; 2.5 V        ; --                        ; Fitter               ; 0         ;
; rst         ; B8    ; 7        ; 19           ; 25           ; 21           ; 17                    ; 0                  ; no     ; no             ; no            ; yes             ; no       ; Off          ; 2.5 V        ; --                        ; Fitter               ; 0         ;
+-------------+-------+----------+--------------+--------------+--------------+-----------------------+--------------------+--------+----------------+---------------+-----------------+----------+--------------+--------------+---------------------------+----------------------+-----------+


+--------------------------------------------------------------------------------------------------------------------------------------------------------------------------------------------------------------------------------------------------------------------------------------------------------------------------------------------------------------------------------------------------------------------------------------------------------+
; Output Pins                                                                                                                                                                                                                                                                                                                                                                                                                                            ;
+-------+-------+----------+--------------+--------------+--------------+-----------------+------------------------+---------------+-----------+-----------------+------------+---------------+----------+--------------+--------------+------------------+-----------------------------------+---------------------------+----------------------------+-----------------------------+----------------------+----------------------+---------------------+
; Name  ; Pin # ; I/O Bank ; X coordinate ; Y coordinate ; Z coordinate ; Output Register ; Output Enable Register ; Power Up High ; Slew Rate ; PCI I/O Enabled ; Open Drain ; TRI Primitive ; Bus Hold ; Weak Pull Up ; I/O Standard ; Current Strength ; Termination                       ; Termination Control Block ; Output Buffer Pre-emphasis ; Voltage Output Differential ; Location assigned by ; Output Enable Source ; Output Enable Group ;
+-------+-------+----------+--------------+--------------+--------------+-----------------+------------------------+---------------+-----------+-----------------+------------+---------------+----------+--------------+--------------+------------------+-----------------------------------+---------------------------+----------------------------+-----------------------------+----------------------+----------------------+---------------------+
; Q[0]  ; J4    ; 1A       ; 10           ; 20           ; 14           ; no              ; no                     ; no            ; 2         ; no              ; no         ; no            ; no       ; Off          ; 2.5 V        ; Default          ; Series 50 Ohm without Calibration ; --                        ; no                         ; no                          ; Fitter               ; -                    ; -                   ;
; Q[10] ; A4    ; 8        ; 13           ; 25           ; 0            ; no              ; no                     ; no            ; 2         ; no              ; no         ; no            ; no       ; Off          ; 2.5 V        ; Default          ; Series 50 Ohm without Calibration ; --                        ; no                         ; no                          ; Fitter               ; -                    ; -                   ;
; Q[11] ; E10   ; 8        ; 17           ; 25           ; 0            ; no              ; no                     ; no            ; 2         ; no              ; no         ; no            ; no       ; Off          ; 2.5 V        ; Default          ; Series 50 Ohm without Calibration ; --                        ; no                         ; no                          ; Fitter               ; -                    ; -                   ;
; Q[12] ; D9    ; 8        ; 15           ; 25           ; 21           ; no              ; no                     ; no            ; 2         ; no              ; no         ; no            ; no       ; Off          ; 2.5 V        ; Default          ; Series 50 Ohm without Calibration ; --                        ; no                         ; no                          ; Fitter               ; -                    ; -                   ;
; Q[13] ; A5    ; 8        ; 15           ; 25           ; 28           ; no              ; no                     ; no            ; 2         ; no              ; no         ; no            ; no       ; Off          ; 2.5 V        ; Default          ; Series 50 Ohm without Calibration ; --                        ; no                         ; no                          ; Fitter               ; -                    ; -                   ;
; Q[14] ; H11   ; 8        ; 17           ; 25           ; 28           ; no              ; no                     ; no            ; 2         ; no              ; no         ; no            ; no       ; Off          ; 2.5 V        ; Default          ; Series 50 Ohm without Calibration ; --                        ; no                         ; no                          ; Fitter               ; -                    ; -                   ;
; Q[15] ; A3    ; 8        ; 11           ; 25           ; 21           ; no              ; no                     ; no            ; 2         ; no              ; no         ; no            ; no       ; Off          ; 2.5 V        ; Default          ; Series 50 Ohm without Calibration ; --                        ; no                         ; no                          ; Fitter               ; -                    ; -                   ;
; Q[1]  ; D10   ; 8        ; 13           ; 25           ; 7            ; no              ; no                     ; no            ; 2         ; no              ; no         ; no            ; no       ; Off          ; 2.5 V        ; Default          ; Series 50 Ohm without Calibration ; --                        ; no                         ; no                          ; Fitter               ; -                    ; -                   ;
; Q[2]  ; E3    ; 1A       ; 10           ; 22           ; 7            ; no              ; no                     ; no            ; 2         ; no              ; no         ; no            ; no       ; Off          ; 2.5 V        ; Default          ; Series 50 Ohm without Calibration ; --                        ; no                         ; no                          ; Fitter               ; -                    ; -                   ;
; Q[3]  ; D7    ; 8        ; 13           ; 25           ; 28           ; no              ; no                     ; no            ; 2         ; no              ; no         ; no            ; no       ; Off          ; 2.5 V        ; Default          ; Series 50 Ohm without Calibration ; --                        ; no                         ; no                          ; Fitter               ; -                    ; -                   ;
; Q[4]  ; C6    ; 8        ; 13           ; 25           ; 21           ; no              ; no                     ; no            ; 2         ; no              ; no         ; no            ; no       ; Off          ; 2.5 V        ; Default          ; Series 50 Ohm without Calibration ; --                        ; no                         ; no                          ; Fitter               ; -                    ; -                   ;
; Q[5]  ; D1    ; 1B       ; 10           ; 17           ; 7            ; no              ; no                     ; no            ; 2         ; no              ; no         ; no            ; no       ; Off          ; 2.5 V        ; Default          ; Series 50 Ohm without Calibration ; --                        ; no                         ; no                          ; Fitter               ; -                    ; -                   ;
; Q[6]  ; G4    ; 1A       ; 10           ; 21           ; 0            ; no              ; no                     ; no            ; 2         ; no              ; no         ; no            ; no       ; Off          ; 2.5 V        ; Default          ; Series 50 Ohm without Calibration ; --                        ; no                         ; no                          ; Fitter               ; -                    ; -                   ;
; Q[7]  ; E9    ; 8        ; 13           ; 25           ; 14           ; no              ; no                     ; no            ; 2         ; no              ; no         ; no            ; no       ; Off          ; 2.5 V        ; Default          ; Series 50 Ohm without Calibration ; --                        ; no                         ; no                          ; Fitter               ; -                    ; -                   ;
; Q[8]  ; C7    ; 8        ; 17           ; 25           ; 14           ; no              ; no                     ; no            ; 2         ; no              ; no         ; no            ; no       ; Off          ; 2.5 V        ; Default          ; Series 50 Ohm without Calibration ; --                        ; no                         ; no                          ; Fitter               ; -                    ; -                   ;
; Q[9]  ; F3    ; 1A       ; 10           ; 21           ; 7            ; no              ; no                     ; no            ; 2         ; no              ; no         ; no            ; no       ; Off          ; 2.5 V        ; Default          ; Series 50 Ohm without Calibration ; --                        ; no                         ; no                          ; Fitter               ; -                    ; -                   ;
+-------+-------+----------+--------------+--------------+--------------+-----------------+------------------------+---------------+-----------+-----------------+------------+---------------+----------+--------------+--------------+------------------+-----------------------------------+---------------------------+----------------------------+-----------------------------+----------------------+----------------------+---------------------+


+-----------------------------------------------------------------------------------------------------------------------------------------+
; Dual Purpose and Dedicated Pins                                                                                                         ;
+----------+----------------------------------------------------+--------------------------------+---------------------+------------------+
; Location ; Pin Name                                           ; Reserved As                    ; User Signal Name    ; Pin Type         ;
+----------+----------------------------------------------------+--------------------------------+---------------------+------------------+
; H2       ; DIFFIO_RX_L11n, DIFFOUT_L11n, TMS, Low_Speed       ; Reserved as secondary function ; ~ALTERA_TMS~        ; Dual Purpose Pin ;
; G2       ; DIFFIO_RX_L11p, DIFFOUT_L11p, TCK, Low_Speed       ; Reserved as secondary function ; ~ALTERA_TCK~        ; Dual Purpose Pin ;
; L4       ; DIFFIO_RX_L12n, DIFFOUT_L12n, TDI, Low_Speed       ; Reserved as secondary function ; ~ALTERA_TDI~        ; Dual Purpose Pin ;
; M5       ; DIFFIO_RX_L12p, DIFFOUT_L12p, TDO, Low_Speed       ; Reserved as secondary function ; ~ALTERA_TDO~        ; Dual Purpose Pin ;
; D9       ; DIFFIO_RX_T16n, DIFFOUT_T16n, DEV_CLRn, Low_Speed  ; Use as regular IO              ; Q[12]               ; Dual Purpose Pin ;
; D10      ; DIFFIO_RX_T18p, DIFFOUT_T18p, DEV_OE, Low_Speed    ; Use as regular IO              ; Q[1]                ; Dual Purpose Pin ;
; H10      ; CONFIG_SEL, Low_Speed                              ; Reserved as secondary function ; ~ALTERA_CONFIG_SEL~ ; Dual Purpose Pin ;
; H9       ; nCONFIG, Low_Speed                                 ; Reserved as secondary function ; ~ALTERA_nCONFIG~    ; Dual Purpose Pin ;
; G9       ; DIFFIO_RX_T24p, DIFFOUT_T24p, nSTATUS, Low_Speed   ; Reserved as secondary function ; ~ALTERA_nSTATUS~    ; Dual Purpose Pin ;
; F8       ; DIFFIO_RX_T24n, DIFFOUT_T24n, CONF_DONE, Low_Speed ; Reserved as secondary function ; ~ALTERA_CONF_DONE~  ; Dual Purpose Pin ;
+----------+----------------------------------------------------+--------------------------------+---------------------+------------------+


+------------------------------------------------------------+
; I/O Bank Usage                                             ;
+----------+------------------+---------------+--------------+
; I/O Bank ; Usage            ; VCCIO Voltage ; VREF Voltage ;
+----------+------------------+---------------+--------------+
; 1A       ; 12 / 16 ( 75 % ) ; 2.5V          ; --           ;
; 1B       ; 6 / 20 ( 30 % )  ; 2.5V          ; --           ;
; 2        ; 1 / 24 ( 4 % )   ; 2.5V          ; --           ;
; 3        ; 0 / 36 ( 0 % )   ; 2.5V          ; --           ;
; 4        ; 0 / 24 ( 0 % )   ; 2.5V          ; --           ;
; 5        ; 0 / 28 ( 0 % )   ; 2.5V          ; --           ;
; 6        ; 0 / 42 ( 0 % )   ; 2.5V          ; --           ;
; 7        ; 3 / 24 ( 13 % )  ; 2.5V          ; --           ;
; 8        ; 21 / 36 ( 58 % ) ; 2.5V          ; --           ;
+----------+------------------+---------------+--------------+


+---------------------------------------------------------------------------------------------------------------------------------------------------------------------------------------+
; All Package Pins                                                                                                                                                                      ;
+----------+------------+----------+------------------------------------------------+--------+-----------------------+---------+------------+-----------------+----------+--------------+
; Location ; Pad Number ; I/O Bank ; Pin Name/Usage                                 ; Dir.   ; I/O Standard          ; Voltage ; I/O Type   ; User Assignment ; Bus Hold ; Weak Pull Up ;
+----------+------------+----------+------------------------------------------------+--------+-----------------------+---------+------------+-----------------+----------+--------------+
; A1       ;            ;          ; GND                                            ; gnd    ;                       ;         ; --         ;                 ; --       ; --           ;
; A2       ; 233        ; 8        ; data_in[13]                                    ; input  ; 2.5 V                 ;         ; Column I/O ; N               ; no       ; Off          ;
; A3       ; 235        ; 8        ; Q[15]                                          ; output ; 2.5 V                 ;         ; Column I/O ; N               ; no       ; Off          ;
; A4       ; 227        ; 8        ; Q[10]                                          ; output ; 2.5 V                 ;         ; Column I/O ; N               ; no       ; Off          ;
; A5       ; 225        ; 8        ; Q[13]                                          ; output ; 2.5 V                 ;         ; Column I/O ; N               ; no       ; Off          ;
; A6       ; 223        ; 8        ; data_in[12]                                    ; input  ; 2.5 V                 ;         ; Column I/O ; N               ; no       ; Off          ;
; A7       ; 209        ; 7        ; RESERVED_INPUT_WITH_WEAK_PULLUP                ;        ;                       ;         ; Column I/O ;                 ; no       ; On           ;
; A8       ; 211        ; 7        ; RESERVED_INPUT_WITH_WEAK_PULLUP                ;        ;                       ;         ; Column I/O ;                 ; no       ; On           ;
; A9       ; 213        ; 7        ; data_in[11]                                    ; input  ; 2.5 V                 ;         ; Column I/O ; N               ; no       ; Off          ;
; A10      ;            ;          ; NC                                             ;        ;                       ;         ; --         ;                 ; --       ; --           ;
; A11      ;            ;          ; NC                                             ;        ;                       ;         ; --         ;                 ; --       ; --           ;
; A12      ;            ;          ; NC                                             ;        ;                       ;         ; --         ;                 ; --       ; --           ;
; A13      ;            ;          ; NC                                             ;        ;                       ;         ; --         ;                 ; --       ; --           ;
; A14      ; 201        ; 7        ; RESERVED_INPUT_WITH_WEAK_PULLUP                ;        ;                       ;         ; Column I/O ;                 ; no       ; On           ;
; A15      ; 197        ; 7        ; RESERVED_INPUT_WITH_WEAK_PULLUP                ;        ;                       ;         ; Column I/O ;                 ; no       ; On           ;
; A16      ;            ;          ; NC                                             ;        ;                       ;         ; --         ;                 ; --       ; --           ;
; A17      ;            ;          ; NC                                             ;        ;                       ;         ; --         ;                 ; --       ; --           ;
; A18      ;            ;          ; NC                                             ;        ;                       ;         ; --         ;                 ; --       ; --           ;
; A19      ;            ;          ; NC                                             ;        ;                       ;         ; --         ;                 ; --       ; --           ;
; A20      ;            ;          ; NC                                             ;        ;                       ;         ; --         ;                 ; --       ; --           ;
; A21      ;            ;          ; NC                                             ;        ;                       ;         ; --         ;                 ; --       ; --           ;
; A22      ;            ;          ; GND                                            ; gnd    ;                       ;         ; --         ;                 ; --       ; --           ;
; AA1      ; 69         ; 3        ; RESERVED_INPUT_WITH_WEAK_PULLUP                ;        ;                       ;         ; Column I/O ;                 ; no       ; On           ;
; AA2      ; 71         ; 3        ; RESERVED_INPUT_WITH_WEAK_PULLUP                ;        ;                       ;         ; Column I/O ;                 ; no       ; On           ;
; AA3      ; 77         ; 3        ; RESERVED_INPUT_WITH_WEAK_PULLUP                ;        ;                       ;         ; Column I/O ;                 ; --       ; --           ;
; AA4      ;            ;          ; GND                                            ; gnd    ;                       ;         ; --         ;                 ; --       ; --           ;
; AA5      ; 81         ; 3        ; RESERVED_INPUT_WITH_WEAK_PULLUP                ;        ;                       ;         ; Column I/O ;                 ; no       ; On           ;
; AA6      ; 80         ; 3        ; RESERVED_INPUT_WITH_WEAK_PULLUP                ;        ;                       ;         ; Column I/O ;                 ; no       ; On           ;
; AA7      ; 82         ; 3        ; RESERVED_INPUT_WITH_WEAK_PULLUP                ;        ;                       ;         ; Column I/O ;                 ; no       ; On           ;
; AA8      ; 89         ; 3        ; RESERVED_INPUT_WITH_WEAK_PULLUP                ;        ;                       ;         ; Column I/O ;                 ; no       ; On           ;
; AA9      ; 93         ; 3        ; RESERVED_INPUT_WITH_WEAK_PULLUP                ;        ;                       ;         ; Column I/O ;                 ; no       ; On           ;
; AA10     ; 94         ; 3        ; RESERVED_INPUT_WITH_WEAK_PULLUP                ;        ;                       ;         ; Column I/O ;                 ; no       ; On           ;
; AA11     ;            ;          ; NC                                             ;        ;                       ;         ; --         ;                 ; --       ; --           ;
; AA12     ;            ;          ; NC                                             ;        ;                       ;         ; --         ;                 ; --       ; --           ;
; AA13     ; 101        ; 4        ; RESERVED_INPUT_WITH_WEAK_PULLUP                ;        ;                       ;         ; Column I/O ;                 ; --       ; --           ;
; AA14     ; 105        ; 4        ; RESERVED_INPUT_WITH_WEAK_PULLUP                ;        ;                       ;         ; Column I/O ;                 ; no       ; On           ;
; AA15     ; 109        ; 4        ; RESERVED_INPUT_WITH_WEAK_PULLUP                ;        ;                       ;         ; Column I/O ;                 ; no       ; On           ;
; AA16     ; 115        ; 4        ; RESERVED_INPUT_WITH_WEAK_PULLUP                ;        ;                       ;         ; Column I/O ;                 ; no       ; On           ;
; AA17     ;            ;          ; NC                                             ;        ;                       ;         ; --         ;                 ; --       ; --           ;
; AA18     ;            ;          ; GND                                            ; gnd    ;                       ;         ; --         ;                 ; --       ; --           ;
; AA19     ;            ;          ; NC                                             ;        ;                       ;         ; --         ;                 ; --       ; --           ;
; AA20     ;            ;          ; NC                                             ;        ;                       ;         ; --         ;                 ; --       ; --           ;
; AA21     ; 121        ; 5        ; RESERVED_INPUT_WITH_WEAK_PULLUP                ;        ;                       ;         ; Row I/O    ;                 ; no       ; On           ;
; AA22     ; 123        ; 5        ; RESERVED_INPUT_WITH_WEAK_PULLUP                ;        ;                       ;         ; Row I/O    ;                 ; no       ; On           ;
; AB1      ;            ;          ; GND                                            ; gnd    ;                       ;         ; --         ;                 ; --       ; --           ;
; AB2      ;            ;          ; NC                                             ;        ;                       ;         ; --         ;                 ; --       ; --           ;
; AB3      ;            ;          ; NC                                             ;        ;                       ;         ; --         ;                 ; --       ; --           ;
; AB4      ; 79         ; 3        ; RESERVED_INPUT_WITH_WEAK_PULLUP                ;        ;                       ;         ; Column I/O ;                 ; no       ; On           ;
; AB5      ; 83         ; 3        ; RESERVED_INPUT_WITH_WEAK_PULLUP                ;        ;                       ;         ; Column I/O ;                 ; no       ; On           ;
; AB6      ; 85         ; 3        ; RESERVED_INPUT_WITH_WEAK_PULLUP                ;        ;                       ;         ; Column I/O ;                 ; no       ; On           ;
; AB7      ; 87         ; 3        ; RESERVED_INPUT_WITH_WEAK_PULLUP                ;        ;                       ;         ; Column I/O ;                 ; no       ; On           ;
; AB8      ; 91         ; 3        ; RESERVED_INPUT_WITH_WEAK_PULLUP                ;        ;                       ;         ; Column I/O ;                 ; no       ; On           ;
; AB9      ; 95         ; 3        ; RESERVED_INPUT_WITH_WEAK_PULLUP                ;        ;                       ;         ; Column I/O ;                 ; no       ; On           ;
; AB10     ;            ;          ; NC                                             ;        ;                       ;         ; --         ;                 ; --       ; --           ;
; AB11     ;            ;          ; NC                                             ;        ;                       ;         ; --         ;                 ; --       ; --           ;
; AB12     ;            ;          ; NC                                             ;        ;                       ;         ; --         ;                 ; --       ; --           ;
; AB13     ;            ;          ; NC                                             ;        ;                       ;         ; --         ;                 ; --       ; --           ;
; AB14     ; 103        ; 4        ; RESERVED_INPUT_WITH_WEAK_PULLUP                ;        ;                       ;         ; Column I/O ;                 ; no       ; On           ;
; AB15     ; 107        ; 4        ; RESERVED_INPUT_WITH_WEAK_PULLUP                ;        ;                       ;         ; Column I/O ;                 ; no       ; On           ;
; AB16     ; 113        ; 4        ; RESERVED_INPUT_WITH_WEAK_PULLUP                ;        ;                       ;         ; Column I/O ;                 ; no       ; On           ;
; AB17     ; 117        ; 4        ; RESERVED_INPUT_WITH_WEAK_PULLUP                ;        ;                       ;         ; Column I/O ;                 ; no       ; On           ;
; AB18     ; 119        ; 4        ; RESERVED_INPUT_WITH_WEAK_PULLUP                ;        ;                       ;         ; Column I/O ;                 ; no       ; On           ;
; AB19     ;            ;          ; NC                                             ;        ;                       ;         ; --         ;                 ; --       ; --           ;
; AB20     ;            ;          ; NC                                             ;        ;                       ;         ; --         ;                 ; --       ; --           ;
; AB21     ;            ;          ; NC                                             ;        ;                       ;         ; --         ;                 ; --       ; --           ;
; AB22     ;            ;          ; GND                                            ; gnd    ;                       ;         ; --         ;                 ; --       ; --           ;
; B1       ; 247        ; 8        ; RESERVED_INPUT_WITH_WEAK_PULLUP                ;        ;                       ;         ; Column I/O ;                 ; no       ; On           ;
; B2       ; 245        ; 8        ; RESERVED_INPUT_WITH_WEAK_PULLUP                ;        ;                       ;         ; Column I/O ;                 ; no       ; On           ;
; B3       ; 236        ; 8        ; RESERVED_INPUT_WITH_WEAK_PULLUP                ;        ;                       ;         ; Column I/O ;                 ; no       ; On           ;
; B4       ; 238        ; 8        ; RESERVED_INPUT_WITH_WEAK_PULLUP                ;        ;                       ;         ; Column I/O ;                 ; no       ; On           ;
; B5       ; 237        ; 8        ; RESERVED_INPUT_WITH_WEAK_PULLUP                ;        ;                       ;         ; Column I/O ;                 ; no       ; On           ;
; B6       ;            ;          ; GND                                            ; gnd    ;                       ;         ; --         ;                 ; --       ; --           ;
; B7       ; 221        ; 8        ; data_in[10]                                    ; input  ; 2.5 V                 ;         ; Column I/O ; N               ; no       ; Off          ;
; B8       ; 215        ; 7        ; rst                                            ; input  ; 2.5 V                 ;         ; Column I/O ; N               ; no       ; Off          ;
; B9       ;            ;          ; GND                                            ; gnd    ;                       ;         ; --         ;                 ; --       ; --           ;
; B10      ; 212        ; 7        ; RESERVED_INPUT_WITH_WEAK_PULLUP                ;        ;                       ;         ; Column I/O ;                 ; no       ; On           ;
; B11      ;            ;          ; NC                                             ;        ;                       ;         ; --         ;                 ; --       ; --           ;
; B12      ;            ;          ; NC                                             ;        ;                       ;         ; --         ;                 ; --       ; --           ;
; B13      ;            ;          ; GND                                            ; gnd    ;                       ;         ; --         ;                 ; --       ; --           ;
; B14      ; 203        ; 7        ; RESERVED_INPUT_WITH_WEAK_PULLUP                ;        ;                       ;         ; Column I/O ;                 ; no       ; On           ;
; B15      ; 199        ; 7        ; RESERVED_INPUT_WITH_WEAK_PULLUP                ;        ;                       ;         ; Column I/O ;                 ; --       ; --           ;
; B16      ;            ;          ; NC                                             ;        ;                       ;         ; --         ;                 ; --       ; --           ;
; B17      ;            ;          ; NC                                             ;        ;                       ;         ; --         ;                 ; --       ; --           ;
; B18      ;            ;          ; GND                                            ; gnd    ;                       ;         ; --         ;                 ; --       ; --           ;
; B19      ;            ;          ; NC                                             ;        ;                       ;         ; --         ;                 ; --       ; --           ;
; B20      ;            ;          ; NC                                             ;        ;                       ;         ; --         ;                 ; --       ; --           ;
; B21      ;            ;          ; NC                                             ;        ;                       ;         ; --         ;                 ; --       ; --           ;
; B22      ;            ;          ; NC                                             ;        ;                       ;         ; --         ;                 ; --       ; --           ;
; C1       ; 21         ; 1B       ; RESERVED_INPUT_WITH_WEAK_PULLUP                ;        ;                       ;         ; Row I/O    ;                 ; --       ; --           ;
; C2       ; 251        ; 8        ; RESERVED_INPUT_WITH_WEAK_PULLUP                ;        ;                       ;         ; Column I/O ;                 ; no       ; On           ;
; C3       ; 249        ; 8        ; RESERVED_INPUT_WITH_WEAK_PULLUP                ;        ;                       ;         ; Column I/O ;                 ; no       ; On           ;
; C4       ; 239        ; 8        ; RESERVED_INPUT_WITH_WEAK_PULLUP                ;        ;                       ;         ; Column I/O ;                 ; no       ; On           ;
; C5       ; 241        ; 8        ; RESERVED_INPUT_WITH_WEAK_PULLUP                ;        ;                       ;         ; Column I/O ;                 ; no       ; On           ;
; C6       ; 229        ; 8        ; Q[4]                                           ; output ; 2.5 V                 ;         ; Column I/O ; N               ; no       ; Off          ;
; C7       ; 219        ; 8        ; Q[8]                                           ; output ; 2.5 V                 ;         ; Column I/O ; N               ; no       ; Off          ;
; C8       ; 217        ; 8        ; data_in[15]                                    ; input  ; 2.5 V                 ;         ; Column I/O ; N               ; no       ; Off          ;
; C9       ; 214        ; 7        ; data_in[0]                                     ; input  ; 2.5 V                 ;         ; Column I/O ; N               ; no       ; Off          ;
; C10      ;            ;          ; NC                                             ;        ;                       ;         ; --         ;                 ; --       ; --           ;
; C11      ;            ;          ; NC                                             ;        ;                       ;         ; --         ;                 ; --       ; --           ;
; C12      ;            ;          ; NC                                             ;        ;                       ;         ; --         ;                 ; --       ; --           ;
; C13      ; 202        ; 7        ; RESERVED_INPUT_WITH_WEAK_PULLUP                ;        ;                       ;         ; Column I/O ;                 ; no       ; On           ;
; C14      ; 200        ; 7        ; RESERVED_INPUT_WITH_WEAK_PULLUP                ;        ;                       ;         ; Column I/O ;                 ; no       ; On           ;
; C15      ;            ;          ; NC                                             ;        ;                       ;         ; --         ;                 ; --       ; --           ;
; C16      ;            ;          ; NC                                             ;        ;                       ;         ; --         ;                 ; --       ; --           ;
; C17      ; 195        ; 7        ; RESERVED_INPUT_WITH_WEAK_PULLUP                ;        ;                       ;         ; Column I/O ;                 ; no       ; On           ;
; C18      ;            ;          ; NC                                             ;        ;                       ;         ; --         ;                 ; --       ; --           ;
; C19      ;            ;          ; NC                                             ;        ;                       ;         ; --         ;                 ; --       ; --           ;
; C20      ; 185        ; 6        ; RESERVED_INPUT_WITH_WEAK_PULLUP                ;        ;                       ;         ; Row I/O    ;                 ; no       ; On           ;
; C21      ; 175        ; 6        ; RESERVED_INPUT_WITH_WEAK_PULLUP                ;        ;                       ;         ; Row I/O    ;                 ; no       ; On           ;
; C22      ; 171        ; 6        ; RESERVED_INPUT_WITH_WEAK_PULLUP                ;        ;                       ;         ; Row I/O    ;                 ; no       ; On           ;
; D1       ; 23         ; 1B       ; Q[5]                                           ; output ; 2.5 V                 ;         ; Row I/O    ; N               ; no       ; Off          ;
; D2       ; 19         ; 1B       ; RESERVED_INPUT_WITH_WEAK_PULLUP                ;        ;                       ;         ; Row I/O    ;                 ; no       ; On           ;
; D3       ; 17         ; 1B       ; RESERVED_INPUT_WITH_WEAK_PULLUP                ;        ;                       ;         ; Row I/O    ;                 ; no       ; On           ;
; D4       ;            ;          ; GND                                            ; gnd    ;                       ;         ; --         ;                 ; --       ; --           ;
; D5       ; 243        ; 8        ; RESERVED_INPUT_WITH_WEAK_PULLUP                ;        ;                       ;         ; Column I/O ;                 ; no       ; On           ;
; D6       ; 248        ; 8        ; RESERVED_INPUT_WITH_WEAK_PULLUP                ;        ;                       ;         ; Column I/O ;                 ; no       ; On           ;
; D7       ; 231        ; 8        ; Q[3]                                           ; output ; 2.5 V                 ;         ; Column I/O ; N               ; no       ; Off          ;
; D8       ; 224        ; 8        ; data_in[8]                                     ; input  ; 2.5 V                 ;         ; Column I/O ; N               ; no       ; Off          ;
; D9       ; 226        ; 8        ; Q[12]                                          ; output ; 2.5 V                 ;         ; Column I/O ; N               ; no       ; Off          ;
; D10      ; 228        ; 8        ; Q[1]                                           ; output ; 2.5 V                 ;         ; Column I/O ; N               ; no       ; Off          ;
; D11      ;            ;          ; GND                                            ; gnd    ;                       ;         ; --         ;                 ; --       ; --           ;
; D12      ;            ;          ; NC                                             ;        ;                       ;         ; --         ;                 ; --       ; --           ;
; D13      ; 207        ; 7        ; RESERVED_INPUT_WITH_WEAK_PULLUP                ;        ;                       ;         ; Column I/O ;                 ; no       ; On           ;
; D14      ; 204        ; 7        ; RESERVED_INPUT_WITH_WEAK_PULLUP                ;        ;                       ;         ; Column I/O ;                 ; no       ; On           ;
; D15      ;            ;          ; NC                                             ;        ;                       ;         ; --         ;                 ; --       ; --           ;
; D16      ;            ;          ; GND                                            ; gnd    ;                       ;         ; --         ;                 ; --       ; --           ;
; D17      ; 193        ; 7        ; RESERVED_INPUT_WITH_WEAK_PULLUP                ;        ;                       ;         ; Column I/O ;                 ; no       ; On           ;
; D18      ; 189        ; 6        ; RESERVED_INPUT_WITH_WEAK_PULLUP                ;        ;                       ;         ; Row I/O    ;                 ; no       ; On           ;
; D19      ; 187        ; 6        ; RESERVED_INPUT_WITH_WEAK_PULLUP                ;        ;                       ;         ; Row I/O    ;                 ; no       ; On           ;
; D20      ;            ;          ; GND                                            ; gnd    ;                       ;         ; --         ;                 ; --       ; --           ;
; D21      ; 173        ; 6        ; RESERVED_INPUT_WITH_WEAK_PULLUP                ;        ;                       ;         ; Row I/O    ;                 ; --       ; --           ;
; D22      ; 169        ; 6        ; RESERVED_INPUT_WITH_WEAK_PULLUP                ;        ;                       ;         ; Row I/O    ;                 ; no       ; On           ;
; E1       ; 29         ; 1B       ; RESERVED_INPUT_WITH_WEAK_PULLUP                ;        ;                       ;         ; Row I/O    ;                 ; no       ; On           ;
; E2       ;            ;          ; GND                                            ; gnd    ;                       ;         ; --         ;                 ; --       ; --           ;
; E3       ; 3          ; 1A       ; Q[2]                                           ; output ; 2.5 V                 ;         ; Row I/O    ; N               ; no       ; Off          ;
; E4       ; 1          ; 1A       ; data_in[4]                                     ; input  ; 2.5 V                 ;         ; Row I/O    ; N               ; no       ; Off          ;
; E5       ;            ;          ; GND                                            ; gnd    ;                       ;         ; --         ;                 ; --       ; --           ;
; E6       ; 250        ; 8        ; RESERVED_INPUT_WITH_WEAK_PULLUP                ;        ;                       ;         ; Column I/O ;                 ; no       ; On           ;
; E7       ;            ;          ; GND                                            ; gnd    ;                       ;         ; --         ;                 ; --       ; --           ;
; E8       ; 240        ; 8        ; RESERVED_INPUT_WITH_WEAK_PULLUP                ;        ;                       ;         ; Column I/O ;                 ; no       ; On           ;
; E9       ; 230        ; 8        ; Q[7]                                           ; output ; 2.5 V                 ;         ; Column I/O ; N               ; no       ; Off          ;
; E10      ; 218        ; 8        ; Q[11]                                          ; output ; 2.5 V                 ;         ; Column I/O ; N               ; no       ; Off          ;
; E11      ; 216        ; 8        ; RESERVED_INPUT_WITH_WEAK_PULLUP                ;        ;                       ;         ; Column I/O ;                 ; no       ; On           ;
; E12      ; 205        ; 7        ; RESERVED_INPUT_WITH_WEAK_PULLUP                ;        ;                       ;         ; Column I/O ;                 ; no       ; On           ;
; E13      ; 206        ; 7        ; RESERVED_INPUT_WITH_WEAK_PULLUP                ;        ;                       ;         ; Column I/O ;                 ; no       ; On           ;
; E14      ;            ;          ; NC                                             ;        ;                       ;         ; --         ;                 ; --       ; --           ;
; E15      ; 194        ; 7        ; RESERVED_INPUT_WITH_WEAK_PULLUP                ;        ;                       ;         ; Column I/O ;                 ; no       ; On           ;
; E16      ; 192        ; 7        ; RESERVED_INPUT_WITH_WEAK_PULLUP                ;        ;                       ;         ; Column I/O ;                 ; no       ; On           ;
; E17      ;            ;          ; NC                                             ;        ;                       ;         ; --         ;                 ; --       ; --           ;
; E18      ; 191        ; 6        ; RESERVED_INPUT_WITH_WEAK_PULLUP                ;        ;                       ;         ; Row I/O    ;                 ; no       ; On           ;
; E19      ; 180        ; 6        ; RESERVED_INPUT_WITH_WEAK_PULLUP                ;        ;                       ;         ; Row I/O    ;                 ; no       ; On           ;
; E20      ;            ;          ; NC                                             ;        ;                       ;         ; --         ;                 ; --       ; --           ;
; E21      ; 163        ; 6        ; RESERVED_INPUT_WITH_WEAK_PULLUP                ;        ;                       ;         ; Row I/O    ;                 ; no       ; On           ;
; E22      ; 161        ; 6        ; RESERVED_INPUT_WITH_WEAK_PULLUP                ;        ;                       ;         ; Row I/O    ;                 ; no       ; On           ;
; F1       ; 35         ; 1B       ; RESERVED_INPUT_WITH_WEAK_PULLUP                ;        ;                       ;         ; Row I/O    ;                 ; no       ; On           ;
; F2       ; 31         ; 1B       ; RESERVED_INPUT_WITH_WEAK_PULLUP                ;        ;                       ;         ; Row I/O    ;                 ; no       ; On           ;
; F3       ; 7          ; 1A       ; Q[9]                                           ; output ; 2.5 V                 ;         ; Row I/O    ; N               ; no       ; Off          ;
; F4       ; 2          ; 1A       ; data_in[2]                                     ; input  ; 2.5 V                 ;         ; Row I/O    ; N               ; no       ; Off          ;
; F5       ; 0          ; 1A       ; r_in                                           ; input  ; 2.5 V                 ;         ; Row I/O    ; N               ; no       ; Off          ;
; F6       ;            ;          ; GND                                            ; gnd    ;                       ;         ; --         ;                 ; --       ; --           ;
; F7       ; 242        ; 8        ; RESERVED_INPUT_WITH_WEAK_PULLUP                ;        ;                       ;         ; Column I/O ;                 ; no       ; On           ;
; F8       ; 246        ; 8        ; ~ALTERA_CONF_DONE~ / RESERVED_INPUT            ; input  ; 2.5 V Schmitt Trigger ;         ; Column I/O ; N               ; no       ; Off          ;
; F9       ;            ; 8        ; VCCIO8                                         ; power  ;                       ; 2.5V    ; --         ;                 ; --       ; --           ;
; F10      ;            ;          ; GND                                            ; gnd    ;                       ;         ; --         ;                 ; --       ; --           ;
; F11      ;            ; 8        ; VCCIO8                                         ; power  ;                       ; 2.5V    ; --         ;                 ; --       ; --           ;
; F12      ;            ; 7        ; VCCIO7                                         ; power  ;                       ; 2.5V    ; --         ;                 ; --       ; --           ;
; F13      ;            ;          ; GND                                            ; gnd    ;                       ;         ; --         ;                 ; --       ; --           ;
; F14      ;            ; 7        ; VCCIO7                                         ; power  ;                       ; 2.5V    ; --         ;                 ; --       ; --           ;
; F15      ;            ;          ; NC                                             ;        ;                       ;         ; --         ;                 ; --       ; --           ;
; F16      ;            ;          ; NC                                             ;        ;                       ;         ; --         ;                 ; --       ; --           ;
; F17      ;            ;          ; NC                                             ;        ;                       ;         ; --         ;                 ; --       ; --           ;
; F18      ; 182        ; 6        ; RESERVED_INPUT_WITH_WEAK_PULLUP                ;        ;                       ;         ; Row I/O    ;                 ; no       ; On           ;
; F19      ;            ;          ; NC                                             ;        ;                       ;         ; --         ;                 ; --       ; --           ;
; F20      ; 170        ; 6        ; RESERVED_INPUT_WITH_WEAK_PULLUP                ;        ;                       ;         ; Row I/O    ;                 ; no       ; On           ;
; F21      ; 168        ; 6        ; RESERVED_INPUT_WITH_WEAK_PULLUP                ;        ;                       ;         ; Row I/O    ;                 ; no       ; On           ;
; F22      ; 159        ; 6        ; RESERVED_INPUT_WITH_WEAK_PULLUP                ;        ;                       ;         ; Row I/O    ;                 ; no       ; On           ;
; G1       ; 33         ; 1B       ; RESERVED_INPUT_WITH_WEAK_PULLUP                ;        ;                       ;         ; Row I/O    ;                 ; no       ; On           ;
; G2       ; 22         ; 1B       ; ~ALTERA_TCK~ / RESERVED_INPUT                  ; input  ; 2.5 V Schmitt Trigger ;         ; Row I/O    ; N               ; no       ; Off          ;
; G3       ; 11         ; 1A       ; RESERVED_INPUT_WITH_WEAK_PULLUP                ;        ;                       ;         ; Row I/O    ;                 ; no       ; On           ;
; G4       ; 5          ; 1A       ; Q[6]                                           ; output ; 2.5 V                 ;         ; Row I/O    ; N               ; no       ; Off          ;
; G5       ;            ;          ; ANAIN1                                         ;        ;                       ;         ; --         ;                 ; --       ; --           ;
; G6       ;            ;          ; GND                                            ; gnd    ;                       ;         ; --         ;                 ; --       ; --           ;
; G7       ;            ;          ; NC                                             ;        ;                       ;         ; --         ;                 ; --       ; --           ;
; G8       ;            ;          ; GND                                            ; gnd    ;                       ;         ; --         ;                 ; --       ; --           ;
; G9       ; 244        ; 8        ; ~ALTERA_nSTATUS~ / RESERVED_INPUT              ; input  ; 2.5 V Schmitt Trigger ;         ; Column I/O ; N               ; no       ; Off          ;
; G10      ;            ; 8        ; VCCIO8                                         ; power  ;                       ; 2.5V    ; --         ;                 ; --       ; --           ;
; G11      ;            ; 8        ; VCCIO8                                         ; power  ;                       ; 2.5V    ; --         ;                 ; --       ; --           ;
; G12      ;            ; 7        ; VCCIO7                                         ; power  ;                       ; 2.5V    ; --         ;                 ; --       ; --           ;
; G13      ;            ; 7        ; VCCIO7                                         ; power  ;                       ; 2.5V    ; --         ;                 ; --       ; --           ;
; G14      ;            ; 7        ; VCCIO7                                         ; power  ;                       ; 2.5V    ; --         ;                 ; --       ; --           ;
; G15      ;            ;          ; GND                                            ; gnd    ;                       ;         ; --         ;                 ; --       ; --           ;
; G16      ;            ;          ; VCCD_PLL2                                      ; power  ;                       ; 1.2V    ; --         ;                 ; --       ; --           ;
; G17      ; 190        ; 6        ; RESERVED_INPUT_WITH_WEAK_PULLUP                ;        ;                       ;         ; Row I/O    ;                 ; no       ; On           ;
; G18      ;            ;          ; GND                                            ; gnd    ;                       ;         ; --         ;                 ; --       ; --           ;
; G19      ; 158        ; 6        ; RESERVED_INPUT_WITH_WEAK_PULLUP                ;        ;                       ;         ; Row I/O    ;                 ; no       ; On           ;
; G20      ; 156        ; 6        ; RESERVED_INPUT_WITH_WEAK_PULLUP                ;        ;                       ;         ; Row I/O    ;                 ; no       ; On           ;
; G21      ;            ;          ; GND                                            ; gnd    ;                       ;         ; --         ;                 ; --       ; --           ;
; G22      ; 157        ; 6        ; RESERVED_INPUT_WITH_WEAK_PULLUP                ;        ;                       ;         ; Row I/O    ;                 ; no       ; On           ;
; H1       ; 32         ; 1B       ; RESERVED_INPUT_WITH_WEAK_PULLUP                ;        ;                       ;         ; Row I/O    ;                 ; no       ; On           ;
; H2       ; 20         ; 1B       ; ~ALTERA_TMS~ / RESERVED_INPUT_WITH_WEAK_PULLUP ; input  ; 2.5 V Schmitt Trigger ;         ; Row I/O    ; N               ; no       ; On           ;
; H3       ; 10         ; 1A       ; data_in[9]                                     ; input  ; 2.5 V                 ;         ; Row I/O    ; N               ; no       ; Off          ;
; H4       ; 9          ; 1A       ; RESERVED_INPUT_WITH_WEAK_PULLUP                ;        ;                       ;         ; Row I/O    ;                 ; no       ; On           ;
; H5       ;            ;          ; REFGND                                         ;        ;                       ;         ; --         ;                 ; --       ; --           ;
; H6       ;            ;          ; ADC_VREF                                       ;        ;                       ;         ; --         ;                 ; --       ; --           ;
; H7       ;            ; --       ; VCCA_ADC                                       ; power  ;                       ; 2.5V    ; --         ;                 ; --       ; --           ;
; H8       ;            ; --       ; VCCA3                                          ; power  ;                       ; 2.5V    ; --         ;                 ; --       ; --           ;
; H9       ; 234        ; 8        ; ~ALTERA_nCONFIG~ / RESERVED_INPUT              ; input  ; 2.5 V Schmitt Trigger ;         ; Column I/O ; N               ; no       ; Off          ;
; H10      ; 232        ; 8        ; ~ALTERA_CONFIG_SEL~ / RESERVED_INPUT           ; input  ; 2.5 V                 ;         ; Column I/O ; N               ; no       ; Off          ;
; H11      ; 222        ; 8        ; Q[14]                                          ; output ; 2.5 V                 ;         ; Column I/O ; N               ; no       ; Off          ;
; H12      ; 208        ; 7        ; RESERVED_INPUT_WITH_WEAK_PULLUP                ;        ;                       ;         ; Column I/O ;                 ; no       ; On           ;
; H13      ;            ;          ; NC                                             ;        ;                       ;         ; --         ;                 ; --       ; --           ;
; H14      ; 196        ; 7        ; RESERVED_INPUT_WITH_WEAK_PULLUP                ;        ;                       ;         ; Column I/O ;                 ; no       ; On           ;
; H15      ;            ; --       ; VCCA2                                          ; power  ;                       ; 2.5V    ; --         ;                 ; --       ; --           ;
; H16      ;            ; 6        ; VCCIO6                                         ; power  ;                       ; 2.5V    ; --         ;                 ; --       ; --           ;
; H17      ; 188        ; 6        ; RESERVED_INPUT_WITH_WEAK_PULLUP                ;        ;                       ;         ; Row I/O    ;                 ; no       ; On           ;
; H18      ;            ;          ; NC                                             ;        ;                       ;         ; --         ;                 ; --       ; --           ;
; H19      ;            ;          ; NC                                             ;        ;                       ;         ; --         ;                 ; --       ; --           ;
; H20      ;            ;          ; NC                                             ;        ;                       ;         ; --         ;                 ; --       ; --           ;
; H21      ; 151        ; 6        ; RESERVED_INPUT_WITH_WEAK_PULLUP                ;        ;                       ;         ; Row I/O    ;                 ; no       ; On           ;
; H22      ; 149        ; 6        ; RESERVED_INPUT_WITH_WEAK_PULLUP                ;        ;                       ;         ; Row I/O    ;                 ; no       ; On           ;
; J1       ; 34         ; 1B       ; RESERVED_INPUT_WITH_WEAK_PULLUP                ;        ;                       ;         ; Row I/O    ;                 ; no       ; On           ;
; J2       ;            ;          ; GND                                            ; gnd    ;                       ;         ; --         ;                 ; --       ; --           ;
; J3       ; 15         ; 1A       ; RESERVED_INPUT_WITH_WEAK_PULLUP                ;        ;                       ;         ; Row I/O    ;                 ; no       ; On           ;
; J4       ; 8          ; 1A       ; Q[0]                                           ; output ; 2.5 V                 ;         ; Row I/O    ; N               ; no       ; Off          ;
; J5       ;            ;          ; NC                                             ;        ;                       ;         ; --         ;                 ; --       ; --           ;
; J6       ;            ;          ; GND                                            ; gnd    ;                       ;         ; --         ;                 ; --       ; --           ;
; J7       ;            ;          ; VCCINT                                         ; power  ;                       ; 1.2V    ; --         ;                 ; --       ; --           ;
; J8       ; 4          ; 1A       ; data_in[7]                                     ; input  ; 2.5 V                 ;         ; Row I/O    ; N               ; no       ; Off          ;
; J9       ; 6          ; 1A       ; data_in[5]                                     ; input  ; 2.5 V                 ;         ; Row I/O    ; N               ; no       ; Off          ;
; J10      ; 220        ; 8        ; data_in[6]                                     ; input  ; 2.5 V                 ;         ; Column I/O ; N               ; no       ; Off          ;
; J11      ; 210        ; 7        ; RESERVED_INPUT_WITH_WEAK_PULLUP                ;        ;                       ;         ; Column I/O ;                 ; no       ; On           ;
; J12      ;            ;          ; NC                                             ;        ;                       ;         ; --         ;                 ; --       ; --           ;
; J13      ; 198        ; 7        ; RESERVED_INPUT_WITH_WEAK_PULLUP                ;        ;                       ;         ; Column I/O ;                 ; no       ; On           ;
; J14      ;            ;          ; NC                                             ;        ;                       ;         ; --         ;                 ; --       ; --           ;
; J15      ;            ;          ; NC                                             ;        ;                       ;         ; --         ;                 ; --       ; --           ;
; J16      ;            ;          ; GND                                            ; gnd    ;                       ;         ; --         ;                 ; --       ; --           ;
; J17      ;            ; 6        ; VCCIO6                                         ; power  ;                       ; 2.5V    ; --         ;                 ; --       ; --           ;
; J18      ;            ;          ; NC                                             ;        ;                       ;         ; --         ;                 ; --       ; --           ;
; J19      ;            ;          ; GND                                            ; gnd    ;                       ;         ; --         ;                 ; --       ; --           ;
; J20      ;            ;          ; NC                                             ;        ;                       ;         ; --         ;                 ; --       ; --           ;
; J21      ; 155        ; 6        ; RESERVED_INPUT_WITH_WEAK_PULLUP                ;        ;                       ;         ; Row I/O    ;                 ; no       ; On           ;
; J22      ; 153        ; 6        ; RESERVED_INPUT_WITH_WEAK_PULLUP                ;        ;                       ;         ; Row I/O    ;                 ; no       ; On           ;
; K1       ;            ;          ; NC                                             ;        ;                       ;         ; --         ;                 ; --       ; --           ;
; K2       ; 25         ; 1B       ; RESERVED_INPUT_WITH_WEAK_PULLUP                ;        ;                       ;         ; Row I/O    ;                 ; no       ; On           ;
; K3       ;            ;          ; GND                                            ; gnd    ;                       ;         ; --         ;                 ; --       ; --           ;
; K4       ; 13         ; 1A       ; RESERVED_INPUT_WITH_WEAK_PULLUP                ;        ;                       ;         ; Row I/O    ;                 ; no       ; On           ;
; K5       ; 12         ; 1A       ; data_in[1]                                     ; input  ; 2.5 V                 ;         ; Row I/O    ; N               ; no       ; Off          ;
; K6       ; 14         ; 1A       ; data_in[14]                                    ; input  ; 2.5 V                 ;         ; Row I/O    ; N               ; no       ; Off          ;
; K7       ;            ; 1A       ; VCCIO1A                                        ; power  ;                       ; 2.5V    ; --         ;                 ; --       ; --           ;
; K8       ; 16         ; 1B       ; RESERVED_INPUT_WITH_WEAK_PULLUP                ;        ;                       ;         ; Row I/O    ;                 ; no       ; On           ;
; K9       ; 18         ; 1B       ; RESERVED_INPUT_WITH_WEAK_PULLUP                ;        ;                       ;         ; Row I/O    ;                 ; no       ; On           ;
; K10      ;            ;          ; GND                                            ; gnd    ;                       ;         ; --         ;                 ; --       ; --           ;
; K11      ;            ; --       ; VCC                                            ; power  ;                       ; 1.2V    ; --         ;                 ; --       ; --           ;
; K12      ;            ;          ; GND                                            ; gnd    ;                       ;         ; --         ;                 ; --       ; --           ;
; K13      ;            ; --       ; VCC                                            ; power  ;                       ; 1.2V    ; --         ;                 ; --       ; --           ;
; K14      ; 184        ; 6        ; RESERVED_INPUT_WITH_WEAK_PULLUP                ;        ;                       ;         ; Row I/O    ;                 ; no       ; On           ;
; K15      ; 186        ; 6        ; RESERVED_INPUT_WITH_WEAK_PULLUP                ;        ;                       ;         ; Row I/O    ;                 ; no       ; On           ;
; K16      ;            ; 6        ; VCCIO6                                         ; power  ;                       ; 2.5V    ; --         ;                 ; --       ; --           ;
; K17      ;            ; 6        ; VCCIO6                                         ; power  ;                       ; 2.5V    ; --         ;                 ; --       ; --           ;
; K18      ;            ;          ; NC                                             ;        ;                       ;         ; --         ;                 ; --       ; --           ;
; K19      ;            ;          ; NC                                             ;        ;                       ;         ; --         ;                 ; --       ; --           ;
; K20      ;            ;          ; NC                                             ;        ;                       ;         ; --         ;                 ; --       ; --           ;
; K21      ; 154        ; 6        ; RESERVED_INPUT_WITH_WEAK_PULLUP                ;        ;                       ;         ; Row I/O    ;                 ; no       ; On           ;
; K22      ; 152        ; 6        ; RESERVED_INPUT_WITH_WEAK_PULLUP                ;        ;                       ;         ; Row I/O    ;                 ; no       ; On           ;
; L1       ;            ;          ; NC                                             ;        ;                       ;         ; --         ;                 ; --       ; --           ;
; L2       ; 27         ; 1B       ; RESERVED_INPUT_WITH_WEAK_PULLUP                ;        ;                       ;         ; Row I/O    ;                 ; no       ; On           ;
; L3       ;            ;          ; DNU                                            ;        ;                       ;         ; --         ;                 ; --       ; --           ;
; L4       ; 24         ; 1B       ; ~ALTERA_TDI~ / RESERVED_INPUT_WITH_WEAK_PULLUP ; input  ; 2.5 V Schmitt Trigger ;         ; Row I/O    ; N               ; no       ; On           ;
; L5       ;            ;          ; GND                                            ; gnd    ;                       ;         ; --         ;                 ; --       ; --           ;
; L6       ;            ; 1A       ; VCCIO1A                                        ; power  ;                       ; 2.5V    ; --         ;                 ; --       ; --           ;
; L7       ;            ; 1B       ; VCCIO1B                                        ; power  ;                       ; 2.5V    ; --         ;                 ; --       ; --           ;
; L8       ; 28         ; 1B       ; RESERVED_INPUT_WITH_WEAK_PULLUP                ;        ;                       ;         ; Row I/O    ;                 ; no       ; On           ;
; L9       ; 30         ; 1B       ; data_in[3]                                     ; input  ; 2.5 V                 ;         ; Row I/O    ; N               ; no       ; Off          ;
; L10      ;            ; --       ; VCC                                            ; power  ;                       ; 1.2V    ; --         ;                 ; --       ; --           ;
; L11      ;            ; --       ; VCC                                            ; power  ;                       ; 1.2V    ; --         ;                 ; --       ; --           ;
; L12      ;            ; --       ; VCC                                            ; power  ;                       ; 1.2V    ; --         ;                 ; --       ; --           ;
; L13      ;            ;          ; GND                                            ; gnd    ;                       ;         ; --         ;                 ; --       ; --           ;
; L14      ; 172        ; 6        ; RESERVED_INPUT_WITH_WEAK_PULLUP                ;        ;                       ;         ; Row I/O    ;                 ; no       ; On           ;
; L15      ; 174        ; 6        ; RESERVED_INPUT_WITH_WEAK_PULLUP                ;        ;                       ;         ; Row I/O    ;                 ; no       ; On           ;
; L16      ;            ; 6        ; VCCIO6                                         ; power  ;                       ; 2.5V    ; --         ;                 ; --       ; --           ;
; L17      ;            ;          ; GND                                            ; gnd    ;                       ;         ; --         ;                 ; --       ; --           ;
; L18      ; 178        ; 6        ; RESERVED_INPUT_WITH_WEAK_PULLUP                ;        ;                       ;         ; Row I/O    ;                 ; no       ; On           ;
; L19      ; 177        ; 6        ; RESERVED_INPUT_WITH_WEAK_PULLUP                ;        ;                       ;         ; Row I/O    ;                 ; no       ; On           ;
; L20      ; 179        ; 6        ; RESERVED_INPUT_WITH_WEAK_PULLUP                ;        ;                       ;         ; Row I/O    ;                 ; no       ; On           ;
; L21      ;            ;          ; GND                                            ; gnd    ;                       ;         ; --         ;                 ; --       ; --           ;
; L22      ; 146        ; 5        ; RESERVED_INPUT_WITH_WEAK_PULLUP                ;        ;                       ;         ; Row I/O    ;                 ; no       ; On           ;
; M1       ; 47         ; 2        ; RESERVED_INPUT_WITH_WEAK_PULLUP                ;        ;                       ;         ; Row I/O    ;                 ; no       ; On           ;
; M2       ; 45         ; 2        ; RESERVED_INPUT_WITH_WEAK_PULLUP                ;        ;                       ;         ; Row I/O    ;                 ; --       ; --           ;
; M3       ;            ;          ; NC                                             ;        ;                       ;         ; --         ;                 ; --       ; --           ;
; M4       ;            ;          ; NC                                             ;        ;                       ;         ; --         ;                 ; --       ; --           ;
; M5       ; 26         ; 1B       ; ~ALTERA_TDO~                                   ; output ; 2.5 V                 ;         ; Row I/O    ; N               ; no       ; Off          ;
; M6       ;            ; 1B       ; VCCIO1B                                        ; power  ;                       ; 2.5V    ; --         ;                 ; --       ; --           ;
; M7       ;            ;          ; GND                                            ; gnd    ;                       ;         ; --         ;                 ; --       ; --           ;
; M8       ; 40         ; 2        ; clk                                            ; input  ; 2.5 V                 ;         ; Row I/O    ; N               ; no       ; Off          ;
; M9       ; 42         ; 2        ; RESERVED_INPUT_WITH_WEAK_PULLUP                ;        ;                       ;         ; Row I/O    ;                 ; no       ; On           ;
; M10      ;            ;          ; GND                                            ; gnd    ;                       ;         ; --         ;                 ; --       ; --           ;
; M11      ;            ; --       ; VCC                                            ; power  ;                       ; 1.2V    ; --         ;                 ; --       ; --           ;
; M12      ;            ; --       ; VCC                                            ; power  ;                       ; 1.2V    ; --         ;                 ; --       ; --           ;
; M13      ;            ; --       ; VCC                                            ; power  ;                       ; 1.2V    ; --         ;                 ; --       ; --           ;
; M14      ; 162        ; 6        ; RESERVED_INPUT_WITH_WEAK_PULLUP                ;        ;                       ;         ; Row I/O    ;                 ; no       ; On           ;
; M15      ; 160        ; 6        ; RESERVED_INPUT_WITH_WEAK_PULLUP                ;        ;                       ;         ; Row I/O    ;                 ; no       ; On           ;
; M16      ;            ;          ; GND                                            ; gnd    ;                       ;         ; --         ;                 ; --       ; --           ;
; M17      ;            ; 6        ; VCCIO6                                         ; power  ;                       ; 2.5V    ; --         ;                 ; --       ; --           ;
; M18      ; 176        ; 6        ; RESERVED_INPUT_WITH_WEAK_PULLUP                ;        ;                       ;         ; Row I/O    ;                 ; no       ; On           ;
; M19      ;            ;          ; GND                                            ; gnd    ;                       ;         ; --         ;                 ; --       ; --           ;
; M20      ; 165        ; 6        ; RESERVED_INPUT_WITH_WEAK_PULLUP                ;        ;                       ;         ; Row I/O    ;                 ; no       ; On           ;
; M21      ; 144        ; 5        ; RESERVED_INPUT_WITH_WEAK_PULLUP                ;        ;                       ;         ; Row I/O    ;                 ; no       ; On           ;
; M22      ; 147        ; 5        ; RESERVED_INPUT_WITH_WEAK_PULLUP                ;        ;                       ;         ; Row I/O    ;                 ; no       ; On           ;
; N1       ; 55         ; 2        ; RESERVED_INPUT_WITH_WEAK_PULLUP                ;        ;                       ;         ; Row I/O    ;                 ; no       ; On           ;
; N2       ; 43         ; 2        ; RESERVED_INPUT_WITH_WEAK_PULLUP                ;        ;                       ;         ; Row I/O    ;                 ; no       ; On           ;
; N3       ; 41         ; 2        ; RESERVED_INPUT_WITH_WEAK_PULLUP                ;        ;                       ;         ; Row I/O    ;                 ; no       ; On           ;
; N4       ; 36         ; 2        ; RESERVED_INPUT_WITH_WEAK_PULLUP                ;        ;                       ;         ; Row I/O    ;                 ; no       ; On           ;
; N5       ; 38         ; 2        ; RESERVED_INPUT_WITH_WEAK_PULLUP                ;        ;                       ;         ; Row I/O    ;                 ; no       ; On           ;
; N6       ;            ; 2        ; VCCIO2                                         ; power  ;                       ; 2.5V    ; --         ;                 ; --       ; --           ;
; N7       ;            ; 2        ; VCCIO2                                         ; power  ;                       ; 2.5V    ; --         ;                 ; --       ; --           ;
; N8       ; 52         ; 2        ; RESERVED_INPUT_WITH_WEAK_PULLUP                ;        ;                       ;         ; Row I/O    ;                 ; no       ; On           ;
; N9       ; 54         ; 2        ; RESERVED_INPUT_WITH_WEAK_PULLUP                ;        ;                       ;         ; Row I/O    ;                 ; no       ; On           ;
; N10      ;            ; --       ; VCC                                            ; power  ;                       ; 1.2V    ; --         ;                 ; --       ; --           ;
; N11      ;            ;          ; GND                                            ; gnd    ;                       ;         ; --         ;                 ; --       ; --           ;
; N12      ;            ; --       ; VCC                                            ; power  ;                       ; 1.2V    ; --         ;                 ; --       ; --           ;
; N13      ;            ;          ; GND                                            ; gnd    ;                       ;         ; --         ;                 ; --       ; --           ;
; N14      ; 148        ; 6        ; RESERVED_INPUT_WITH_WEAK_PULLUP                ;        ;                       ;         ; Row I/O    ;                 ; no       ; On           ;
; N15      ; 150        ; 6        ; RESERVED_INPUT_WITH_WEAK_PULLUP                ;        ;                       ;         ; Row I/O    ;                 ; no       ; On           ;
; N16      ;            ; 5        ; VCCIO5                                         ; power  ;                       ; 2.5V    ; --         ;                 ; --       ; --           ;
; N17      ;            ; 6        ; VCCIO6                                         ; power  ;                       ; 2.5V    ; --         ;                 ; --       ; --           ;
; N18      ; 164        ; 6        ; RESERVED_INPUT_WITH_WEAK_PULLUP                ;        ;                       ;         ; Row I/O    ;                 ; no       ; On           ;
; N19      ; 166        ; 6        ; RESERVED_INPUT_WITH_WEAK_PULLUP                ;        ;                       ;         ; Row I/O    ;                 ; no       ; On           ;
; N20      ; 167        ; 6        ; RESERVED_INPUT_WITH_WEAK_PULLUP                ;        ;                       ;         ; Row I/O    ;                 ; no       ; On           ;
; N21      ; 145        ; 5        ; RESERVED_INPUT_WITH_WEAK_PULLUP                ;        ;                       ;         ; Row I/O    ;                 ; no       ; On           ;
; N22      ; 139        ; 5        ; RESERVED_INPUT_WITH_WEAK_PULLUP                ;        ;                       ;         ; Row I/O    ;                 ; no       ; On           ;
; P1       ; 53         ; 2        ; RESERVED_INPUT_WITH_WEAK_PULLUP                ;        ;                       ;         ; Row I/O    ;                 ; no       ; On           ;
; P2       ;            ;          ; GND                                            ; gnd    ;                       ;         ; --         ;                 ; --       ; --           ;
; P3       ; 44         ; 2        ; RESERVED_INPUT_WITH_WEAK_PULLUP                ;        ;                       ;         ; Row I/O    ;                 ; no       ; On           ;
; P4       ; 37         ; 2        ; RESERVED_INPUT_WITH_WEAK_PULLUP                ;        ;                       ;         ; Row I/O    ;                 ; no       ; On           ;
; P5       ; 39         ; 2        ; RESERVED_INPUT_WITH_WEAK_PULLUP                ;        ;                       ;         ; Row I/O    ;                 ; no       ; On           ;
; P6       ;            ;          ; GND                                            ; gnd    ;                       ;         ; --         ;                 ; --       ; --           ;
; P7       ;            ; 2        ; VCCIO2                                         ; power  ;                       ; 2.5V    ; --         ;                 ; --       ; --           ;
; P8       ;            ;          ; NC                                             ;        ;                       ;         ; --         ;                 ; --       ; --           ;
; P9       ;            ;          ; NC                                             ;        ;                       ;         ; --         ;                 ; --       ; --           ;
; P10      ; 78         ; 3        ; RESERVED_INPUT_WITH_WEAK_PULLUP                ;        ;                       ;         ; Column I/O ;                 ; no       ; On           ;
; P11      ; 90         ; 3        ; RESERVED_INPUT_WITH_WEAK_PULLUP                ;        ;                       ;         ; Column I/O ;                 ; no       ; On           ;
; P12      ;            ;          ; NC                                             ;        ;                       ;         ; --         ;                 ; --       ; --           ;
; P13      ; 102        ; 4        ; RESERVED_INPUT_WITH_WEAK_PULLUP                ;        ;                       ;         ; Column I/O ;                 ; no       ; On           ;
; P14      ; 138        ; 5        ; RESERVED_INPUT_WITH_WEAK_PULLUP                ;        ;                       ;         ; Row I/O    ;                 ; no       ; On           ;
; P15      ; 136        ; 5        ; RESERVED_INPUT_WITH_WEAK_PULLUP                ;        ;                       ;         ; Row I/O    ;                 ; no       ; On           ;
; P16      ;            ; 5        ; VCCIO5                                         ; power  ;                       ; 2.5V    ; --         ;                 ; --       ; --           ;
; P17      ;            ;          ; GND                                            ; gnd    ;                       ;         ; --         ;                 ; --       ; --           ;
; P18      ; 142        ; 5        ; RESERVED_INPUT_WITH_WEAK_PULLUP                ;        ;                       ;         ; Row I/O    ;                 ; no       ; On           ;
; P19      ; 141        ; 5        ; RESERVED_INPUT_WITH_WEAK_PULLUP                ;        ;                       ;         ; Row I/O    ;                 ; no       ; On           ;
; P20      ; 143        ; 5        ; RESERVED_INPUT_WITH_WEAK_PULLUP                ;        ;                       ;         ; Row I/O    ;                 ; no       ; On           ;
; P21      ; 137        ; 5        ; RESERVED_INPUT_WITH_WEAK_PULLUP                ;        ;                       ;         ; Row I/O    ;                 ; no       ; On           ;
; P22      ; 135        ; 5        ; RESERVED_INPUT_WITH_WEAK_PULLUP                ;        ;                       ;         ; Row I/O    ;                 ; --       ; --           ;
; R1       ; 57         ; 2        ; RESERVED_INPUT_WITH_WEAK_PULLUP                ;        ;                       ;         ; Row I/O    ;                 ; no       ; On           ;
; R2       ; 59         ; 2        ; RESERVED_INPUT_WITH_WEAK_PULLUP                ;        ;                       ;         ; Row I/O    ;                 ; no       ; On           ;
; R3       ; 46         ; 2        ; RESERVED_INPUT_WITH_WEAK_PULLUP                ;        ;                       ;         ; Row I/O    ;                 ; no       ; On           ;
; R4       ; 48         ; 2        ; RESERVED_INPUT_WITH_WEAK_PULLUP                ;        ;                       ;         ; Row I/O    ;                 ; no       ; On           ;
; R5       ; 50         ; 2        ; RESERVED_INPUT_WITH_WEAK_PULLUP                ;        ;                       ;         ; Row I/O    ;                 ; no       ; On           ;
; R6       ;            ; 2        ; VCCIO2                                         ; power  ;                       ; 2.5V    ; --         ;                 ; --       ; --           ;
; R7       ;            ;          ; NC                                             ;        ;                       ;         ; --         ;                 ; --       ; --           ;
; R8       ;            ; --       ; VCCA1                                          ; power  ;                       ; 2.5V    ; --         ;                 ; --       ; --           ;
; R9       ;            ;          ; NC                                             ;        ;                       ;         ; --         ;                 ; --       ; --           ;
; R10      ; 76         ; 3        ; RESERVED_INPUT_WITH_WEAK_PULLUP                ;        ;                       ;         ; Column I/O ;                 ; no       ; On           ;
; R11      ; 88         ; 3        ; RESERVED_INPUT_WITH_WEAK_PULLUP                ;        ;                       ;         ; Column I/O ;                 ; no       ; On           ;
; R12      ;            ;          ; NC                                             ;        ;                       ;         ; --         ;                 ; --       ; --           ;
; R13      ; 100        ; 4        ; RESERVED_INPUT_WITH_WEAK_PULLUP                ;        ;                       ;         ; Column I/O ;                 ; no       ; On           ;
; R14      ; 126        ; 5        ; RESERVED_INPUT_WITH_WEAK_PULLUP                ;        ;                       ;         ; Row I/O    ;                 ; no       ; On           ;
; R15      ; 124        ; 5        ; RESERVED_INPUT_WITH_WEAK_PULLUP                ;        ;                       ;         ; Row I/O    ;                 ; no       ; On           ;
; R16      ;            ; 5        ; VCCIO5                                         ; power  ;                       ; 2.5V    ; --         ;                 ; --       ; --           ;
; R17      ;            ; 5        ; VCCIO5                                         ; power  ;                       ; 2.5V    ; --         ;                 ; --       ; --           ;
; R18      ; 140        ; 5        ; RESERVED_INPUT_WITH_WEAK_PULLUP                ;        ;                       ;         ; Row I/O    ;                 ; no       ; On           ;
; R19      ;            ;          ; GND                                            ; gnd    ;                       ;         ; --         ;                 ; --       ; --           ;
; R20      ; 131        ; 5        ; RESERVED_INPUT_WITH_WEAK_PULLUP                ;        ;                       ;         ; Row I/O    ;                 ; no       ; On           ;
; R21      ;            ;          ; GND                                            ; gnd    ;                       ;         ; --         ;                 ; --       ; --           ;
; R22      ; 133        ; 5        ; RESERVED_INPUT_WITH_WEAK_PULLUP                ;        ;                       ;         ; Row I/O    ;                 ; no       ; On           ;
; T1       ; 49         ; 2        ; RESERVED_INPUT_WITH_WEAK_PULLUP                ;        ;                       ;         ; Row I/O    ;                 ; no       ; On           ;
; T2       ; 51         ; 2        ; RESERVED_INPUT_WITH_WEAK_PULLUP                ;        ;                       ;         ; Row I/O    ;                 ; no       ; On           ;
; T3       ;            ;          ; NC                                             ;        ;                       ;         ; --         ;                 ; --       ; --           ;
; T4       ;            ;          ; GND                                            ; gnd    ;                       ;         ; --         ;                 ; --       ; --           ;
; T5       ; 56         ; 2        ; RESERVED_INPUT_WITH_WEAK_PULLUP                ;        ;                       ;         ; Row I/O    ;                 ; no       ; On           ;
; T6       ; 58         ; 2        ; RESERVED_INPUT_WITH_WEAK_PULLUP                ;        ;                       ;         ; Row I/O    ;                 ; no       ; On           ;
; T7       ;            ;          ; VCCD_PLL1                                      ; power  ;                       ; 1.2V    ; --         ;                 ; --       ; --           ;
; T8       ;            ;          ; GND                                            ; gnd    ;                       ;         ; --         ;                 ; --       ; --           ;
; T9       ;            ; 3        ; VCCIO3                                         ; power  ;                       ; 2.5V    ; --         ;                 ; --       ; --           ;
; T10      ;            ; 3        ; VCCIO3                                         ; power  ;                       ; 2.5V    ; --         ;                 ; --       ; --           ;
; T11      ;            ; 3        ; VCCIO3                                         ; power  ;                       ; 2.5V    ; --         ;                 ; --       ; --           ;
; T12      ;            ; 4        ; VCCIO4                                         ; power  ;                       ; 2.5V    ; --         ;                 ; --       ; --           ;
; T13      ;            ; 4        ; VCCIO4                                         ; power  ;                       ; 2.5V    ; --         ;                 ; --       ; --           ;
; T14      ;            ;          ; GND                                            ; gnd    ;                       ;         ; --         ;                 ; --       ; --           ;
; T15      ;            ; --       ; VCCA4                                          ; power  ;                       ; 2.5V    ; --         ;                 ; --       ; --           ;
; T16      ;            ;          ; GND                                            ; gnd    ;                       ;         ; --         ;                 ; --       ; --           ;
; T17      ;            ; 5        ; VCCIO5                                         ; power  ;                       ; 2.5V    ; --         ;                 ; --       ; --           ;
; T18      ; 130        ; 5        ; RESERVED_INPUT_WITH_WEAK_PULLUP                ;        ;                       ;         ; Row I/O    ;                 ; no       ; On           ;
; T19      ; 128        ; 5        ; RESERVED_INPUT_WITH_WEAK_PULLUP                ;        ;                       ;         ; Row I/O    ;                 ; no       ; On           ;
; T20      ; 129        ; 5        ; RESERVED_INPUT_WITH_WEAK_PULLUP                ;        ;                       ;         ; Row I/O    ;                 ; no       ; On           ;
; T21      ; 125        ; 5        ; RESERVED_INPUT_WITH_WEAK_PULLUP                ;        ;                       ;         ; Row I/O    ;                 ; no       ; On           ;
; T22      ; 127        ; 5        ; RESERVED_INPUT_WITH_WEAK_PULLUP                ;        ;                       ;         ; Row I/O    ;                 ; no       ; On           ;
; U1       ;            ;          ; NC                                             ;        ;                       ;         ; --         ;                 ; --       ; --           ;
; U2       ;            ;          ; NC                                             ;        ;                       ;         ; --         ;                 ; --       ; --           ;
; U3       ;            ;          ; NC                                             ;        ;                       ;         ; --         ;                 ; --       ; --           ;
; U4       ;            ;          ; NC                                             ;        ;                       ;         ; --         ;                 ; --       ; --           ;
; U5       ;            ;          ; NC                                             ;        ;                       ;         ; --         ;                 ; --       ; --           ;
; U6       ; 64         ; 3        ; RESERVED_INPUT_WITH_WEAK_PULLUP                ;        ;                       ;         ; Column I/O ;                 ; no       ; On           ;
; U7       ; 66         ; 3        ; RESERVED_INPUT_WITH_WEAK_PULLUP                ;        ;                       ;         ; Column I/O ;                 ; no       ; On           ;
; U8       ;            ; 3        ; VCCIO3                                         ; power  ;                       ; 2.5V    ; --         ;                 ; --       ; --           ;
; U9       ;            ; 3        ; VCCIO3                                         ; power  ;                       ; 2.5V    ; --         ;                 ; --       ; --           ;
; U10      ;            ;          ; GND                                            ; gnd    ;                       ;         ; --         ;                 ; --       ; --           ;
; U11      ;            ; 4        ; VCCIO4                                         ; power  ;                       ; 2.5V    ; --         ;                 ; --       ; --           ;
; U12      ;            ; 4        ; VCCIO4                                         ; power  ;                       ; 2.5V    ; --         ;                 ; --       ; --           ;
; U13      ;            ;          ; GND                                            ; gnd    ;                       ;         ; --         ;                 ; --       ; --           ;
; U14      ;            ; 4        ; VCCIO4                                         ; power  ;                       ; 2.5V    ; --         ;                 ; --       ; --           ;
; U15      ; 112        ; 4        ; RESERVED_INPUT_WITH_WEAK_PULLUP                ;        ;                       ;         ; Column I/O ;                 ; no       ; On           ;
; U16      ;            ;          ; NC                                             ;        ;                       ;         ; --         ;                 ; --       ; --           ;
; U17      ; 122        ; 5        ; RESERVED_INPUT_WITH_WEAK_PULLUP                ;        ;                       ;         ; Row I/O    ;                 ; no       ; On           ;
; U18      ; 120        ; 5        ; RESERVED_INPUT_WITH_WEAK_PULLUP                ;        ;                       ;         ; Row I/O    ;                 ; no       ; On           ;
; U19      ;            ;          ; NC                                             ;        ;                       ;         ; --         ;                 ; --       ; --           ;
; U20      ;            ;          ; NC                                             ;        ;                       ;         ; --         ;                 ; --       ; --           ;
; U21      ; 132        ; 5        ; RESERVED_INPUT_WITH_WEAK_PULLUP                ;        ;                       ;         ; Row I/O    ;                 ; no       ; On           ;
; U22      ; 134        ; 5        ; RESERVED_INPUT_WITH_WEAK_PULLUP                ;        ;                       ;         ; Row I/O    ;                 ; no       ; On           ;
; V1       ;            ;          ; NC                                             ;        ;                       ;         ; --         ;                 ; --       ; --           ;
; V2       ;            ;          ; GND                                            ; gnd    ;                       ;         ; --         ;                 ; --       ; --           ;
; V3       ;            ;          ; NC                                             ;        ;                       ;         ; --         ;                 ; --       ; --           ;
; V4       ; 61         ; 3        ; RESERVED_INPUT_WITH_WEAK_PULLUP                ;        ;                       ;         ; Column I/O ;                 ; no       ; On           ;
; V5       ; 63         ; 3        ; RESERVED_INPUT_WITH_WEAK_PULLUP                ;        ;                       ;         ; Column I/O ;                 ; no       ; On           ;
; V6       ;            ;          ; GND                                            ; gnd    ;                       ;         ; --         ;                 ; --       ; --           ;
; V7       ;            ;          ; NC                                             ;        ;                       ;         ; --         ;                 ; --       ; --           ;
; V8       ;            ;          ; NC                                             ;        ;                       ;         ; --         ;                 ; --       ; --           ;
; V9       ; 84         ; 3        ; RESERVED_INPUT_WITH_WEAK_PULLUP                ;        ;                       ;         ; Column I/O ;                 ; no       ; On           ;
; V10      ; 86         ; 3        ; RESERVED_INPUT_WITH_WEAK_PULLUP                ;        ;                       ;         ; Column I/O ;                 ; no       ; On           ;
; V11      ;            ;          ; NC                                             ;        ;                       ;         ; --         ;                 ; --       ; --           ;
; V12      ;            ;          ; NC                                             ;        ;                       ;         ; --         ;                 ; --       ; --           ;
; V13      ; 96         ; 4        ; RESERVED_INPUT_WITH_WEAK_PULLUP                ;        ;                       ;         ; Column I/O ;                 ; no       ; On           ;
; V14      ; 108        ; 4        ; RESERVED_INPUT_WITH_WEAK_PULLUP                ;        ;                       ;         ; Column I/O ;                 ; no       ; On           ;
; V15      ;            ;          ; NC                                             ;        ;                       ;         ; --         ;                 ; --       ; --           ;
; V16      ; 114        ; 4        ; RESERVED_INPUT_WITH_WEAK_PULLUP                ;        ;                       ;         ; Column I/O ;                 ; no       ; On           ;
; V17      ; 118        ; 4        ; RESERVED_INPUT_WITH_WEAK_PULLUP                ;        ;                       ;         ; Column I/O ;                 ; no       ; On           ;
; V18      ;            ;          ; NC                                             ;        ;                       ;         ; --         ;                 ; --       ; --           ;
; V19      ;            ;          ; GND                                            ; gnd    ;                       ;         ; --         ;                 ; --       ; --           ;
; V20      ;            ;          ; NC                                             ;        ;                       ;         ; --         ;                 ; --       ; --           ;
; V21      ;            ;          ; NC                                             ;        ;                       ;         ; --         ;                 ; --       ; --           ;
; V22      ;            ;          ; NC                                             ;        ;                       ;         ; --         ;                 ; --       ; --           ;
; W1       ;            ;          ; NC                                             ;        ;                       ;         ; --         ;                 ; --       ; --           ;
; W2       ;            ;          ; NC                                             ;        ;                       ;         ; --         ;                 ; --       ; --           ;
; W3       ; 70         ; 3        ; RESERVED_INPUT_WITH_WEAK_PULLUP                ;        ;                       ;         ; Column I/O ;                 ; no       ; On           ;
; W4       ; 68         ; 3        ; RESERVED_INPUT_WITH_WEAK_PULLUP                ;        ;                       ;         ; Column I/O ;                 ; no       ; On           ;
; W5       ; 60         ; 3        ; RESERVED_INPUT_WITH_WEAK_PULLUP                ;        ;                       ;         ; Column I/O ;                 ; no       ; On           ;
; W6       ; 62         ; 3        ; RESERVED_INPUT_WITH_WEAK_PULLUP                ;        ;                       ;         ; Column I/O ;                 ; no       ; On           ;
; W7       ; 72         ; 3        ; RESERVED_INPUT_WITH_WEAK_PULLUP                ;        ;                       ;         ; Column I/O ;                 ; no       ; On           ;
; W8       ; 74         ; 3        ; RESERVED_INPUT_WITH_WEAK_PULLUP                ;        ;                       ;         ; Column I/O ;                 ; no       ; On           ;
; W9       ;            ;          ; NC                                             ;        ;                       ;         ; --         ;                 ; --       ; --           ;
; W10      ;            ;          ; NC                                             ;        ;                       ;         ; --         ;                 ; --       ; --           ;
; W11      ;            ;          ; NC                                             ;        ;                       ;         ; --         ;                 ; --       ; --           ;
; W12      ; 97         ; 4        ; RESERVED_INPUT_WITH_WEAK_PULLUP                ;        ;                       ;         ; Column I/O ;                 ; no       ; On           ;
; W13      ; 99         ; 4        ; RESERVED_INPUT_WITH_WEAK_PULLUP                ;        ;                       ;         ; Column I/O ;                 ; no       ; On           ;
; W14      ; 98         ; 4        ; RESERVED_INPUT_WITH_WEAK_PULLUP                ;        ;                       ;         ; Column I/O ;                 ; no       ; On           ;
; W15      ; 110        ; 4        ; RESERVED_INPUT_WITH_WEAK_PULLUP                ;        ;                       ;         ; Column I/O ;                 ; no       ; On           ;
; W16      ;            ;          ; NC                                             ;        ;                       ;         ; --         ;                 ; --       ; --           ;
; W17      ; 116        ; 4        ; RESERVED_INPUT_WITH_WEAK_PULLUP                ;        ;                       ;         ; Column I/O ;                 ; no       ; On           ;
; W18      ;            ;          ; NC                                             ;        ;                       ;         ; --         ;                 ; --       ; --           ;
; W19      ;            ;          ; NC                                             ;        ;                       ;         ; --         ;                 ; --       ; --           ;
; W20      ;            ;          ; NC                                             ;        ;                       ;         ; --         ;                 ; --       ; --           ;
; W21      ;            ;          ; GND                                            ; gnd    ;                       ;         ; --         ;                 ; --       ; --           ;
; W22      ;            ;          ; NC                                             ;        ;                       ;         ; --         ;                 ; --       ; --           ;
; Y1       ; 65         ; 3        ; RESERVED_INPUT_WITH_WEAK_PULLUP                ;        ;                       ;         ; Column I/O ;                 ; no       ; On           ;
; Y2       ; 67         ; 3        ; RESERVED_INPUT_WITH_WEAK_PULLUP                ;        ;                       ;         ; Column I/O ;                 ; no       ; On           ;
; Y3       ; 73         ; 3        ; RESERVED_INPUT_WITH_WEAK_PULLUP                ;        ;                       ;         ; Column I/O ;                 ; no       ; On           ;
; Y4       ; 75         ; 3        ; RESERVED_INPUT_WITH_WEAK_PULLUP                ;        ;                       ;         ; Column I/O ;                 ; no       ; On           ;
; Y5       ;            ;          ; NC                                             ;        ;                       ;         ; --         ;                 ; --       ; --           ;
; Y6       ;            ;          ; NC                                             ;        ;                       ;         ; --         ;                 ; --       ; --           ;
; Y7       ;            ;          ; NC                                             ;        ;                       ;         ; --         ;                 ; --       ; --           ;
; Y8       ;            ;          ; NC                                             ;        ;                       ;         ; --         ;                 ; --       ; --           ;
; Y9       ;            ;          ; GND                                            ; gnd    ;                       ;         ; --         ;                 ; --       ; --           ;
; Y10      ; 92         ; 3        ; RESERVED_INPUT_WITH_WEAK_PULLUP                ;        ;                       ;         ; Column I/O ;                 ; no       ; On           ;
; Y11      ;            ;          ; NC                                             ;        ;                       ;         ; --         ;                 ; --       ; --           ;
; Y12      ;            ;          ; GND                                            ; gnd    ;                       ;         ; --         ;                 ; --       ; --           ;
; Y13      ; 104        ; 4        ; RESERVED_INPUT_WITH_WEAK_PULLUP                ;        ;                       ;         ; Column I/O ;                 ; no       ; On           ;
; Y14      ; 106        ; 4        ; RESERVED_INPUT_WITH_WEAK_PULLUP                ;        ;                       ;         ; Column I/O ;                 ; no       ; On           ;
; Y15      ;            ;          ; GND                                            ; gnd    ;                       ;         ; --         ;                 ; --       ; --           ;
; Y16      ; 111        ; 4        ; RESERVED_INPUT_WITH_WEAK_PULLUP                ;        ;                       ;         ; Column I/O ;                 ; no       ; On           ;
; Y17      ;            ;          ; NC                                             ;        ;                       ;         ; --         ;                 ; --       ; --           ;
; Y18      ;            ;          ; NC                                             ;        ;                       ;         ; --         ;                 ; --       ; --           ;
; Y19      ;            ;          ; NC                                             ;        ;                       ;         ; --         ;                 ; --       ; --           ;
; Y20      ;            ;          ; NC                                             ;        ;                       ;         ; --         ;                 ; --       ; --           ;
; Y21      ;            ;          ; NC                                             ;        ;                       ;         ; --         ;                 ; --       ; --           ;
; Y22      ;            ;          ; NC                                             ;        ;                       ;         ; --         ;                 ; --       ; --           ;
+----------+------------+----------+------------------------------------------------+--------+-----------------------+---------+------------+-----------------+----------+--------------+
Note: Pin directions (input, output or bidir) are based on device operating in user mode.


+---------------------------------------------+
; I/O Assignment Warnings                     ;
+-------------+-------------------------------+
; Pin Name    ; Reason                        ;
+-------------+-------------------------------+
; Q[0]        ; Incomplete set of assignments ;
; Q[1]        ; Incomplete set of assignments ;
; Q[2]        ; Incomplete set of assignments ;
; Q[3]        ; Incomplete set of assignments ;
; Q[4]        ; Incomplete set of assignments ;
; Q[5]        ; Incomplete set of assignments ;
; Q[6]        ; Incomplete set of assignments ;
; Q[7]        ; Incomplete set of assignments ;
; Q[8]        ; Incomplete set of assignments ;
; Q[9]        ; Incomplete set of assignments ;
; Q[10]       ; Incomplete set of assignments ;
; Q[11]       ; Incomplete set of assignments ;
; Q[12]       ; Incomplete set of assignments ;
; Q[13]       ; Incomplete set of assignments ;
; Q[14]       ; Incomplete set of assignments ;
; Q[15]       ; Incomplete set of assignments ;
; data_in[0]  ; Incomplete set of assignments ;
; rst         ; Incomplete set of assignments ;
; clk         ; Incomplete set of assignments ;
; r_in        ; Incomplete set of assignments ;
; data_in[1]  ; Incomplete set of assignments ;
; data_in[2]  ; Incomplete set of assignments ;
; data_in[3]  ; Incomplete set of assignments ;
; data_in[4]  ; Incomplete set of assignments ;
; data_in[5]  ; Incomplete set of assignments ;
; data_in[6]  ; Incomplete set of assignments ;
; data_in[7]  ; Incomplete set of assignments ;
; data_in[8]  ; Incomplete set of assignments ;
; data_in[9]  ; Incomplete set of assignments ;
; data_in[10] ; Incomplete set of assignments ;
; data_in[11] ; Incomplete set of assignments ;
; data_in[12] ; Incomplete set of assignments ;
; data_in[13] ; Incomplete set of assignments ;
; data_in[14] ; Incomplete set of assignments ;
; data_in[15] ; Incomplete set of assignments ;
; Q[0]        ; Missing location assignment   ;
; Q[1]        ; Missing location assignment   ;
; Q[2]        ; Missing location assignment   ;
; Q[3]        ; Missing location assignment   ;
; Q[4]        ; Missing location assignment   ;
; Q[5]        ; Missing location assignment   ;
; Q[6]        ; Missing location assignment   ;
; Q[7]        ; Missing location assignment   ;
; Q[8]        ; Missing location assignment   ;
; Q[9]        ; Missing location assignment   ;
; Q[10]       ; Missing location assignment   ;
; Q[11]       ; Missing location assignment   ;
; Q[12]       ; Missing location assignment   ;
; Q[13]       ; Missing location assignment   ;
; Q[14]       ; Missing location assignment   ;
; Q[15]       ; Missing location assignment   ;
; data_in[0]  ; Missing location assignment   ;
; rst         ; Missing location assignment   ;
; clk         ; Missing location assignment   ;
; r_in        ; Missing location assignment   ;
; data_in[1]  ; Missing location assignment   ;
; data_in[2]  ; Missing location assignment   ;
; data_in[3]  ; Missing location assignment   ;
; data_in[4]  ; Missing location assignment   ;
; data_in[5]  ; Missing location assignment   ;
; data_in[6]  ; Missing location assignment   ;
; data_in[7]  ; Missing location assignment   ;
; data_in[8]  ; Missing location assignment   ;
; data_in[9]  ; Missing location assignment   ;
; data_in[10] ; Missing location assignment   ;
; data_in[11] ; Missing location assignment   ;
; data_in[12] ; Missing location assignment   ;
; data_in[13] ; Missing location assignment   ;
; data_in[14] ; Missing location assignment   ;
; data_in[15] ; Missing location assignment   ;
+-------------+-------------------------------+


+---------------------------------------------------------------------------------------------------------------------------------------------------------------------------------------------------------------------------------------------------------------------------------------------------------+
; Fitter Resource Utilization by Entity                                                                                                                                                                                                                                                                   ;
+----------------------------+-------------+---------------------------+---------------+-------------+------+------------+--------------+---------+-----------+------+--------------+--------------+-------------------+------------------+------------+---------------------+-------------+--------------+
; Compilation Hierarchy Node ; Logic Cells ; Dedicated Logic Registers ; I/O Registers ; Memory Bits ; M9Ks ; UFM Blocks ; DSP Elements ; DSP 9x9 ; DSP 18x18 ; Pins ; Virtual Pins ; LUT-Only LCs ; Register-Only LCs ; LUT/Register LCs ; ADC blocks ; Full Hierarchy Name ; Entity Name ; Library Name ;
+----------------------------+-------------+---------------------------+---------------+-------------+------+------------+--------------+---------+-----------+------+--------------+--------------+-------------------+------------------+------------+---------------------+-------------+--------------+
; |register_n                ; 18 (18)     ; 16 (16)                   ; 0 (0)         ; 0           ; 0    ; 1          ; 0            ; 0       ; 0         ; 35   ; 0            ; 2 (2)        ; 0 (0)             ; 16 (16)          ; 0          ; |register_n         ; register_n  ; work         ;
+----------------------------+-------------+---------------------------+---------------+-------------+------+------------+--------------+---------+-----------+------+--------------+--------------+-------------------+------------------+------------+---------------------+-------------+--------------+
Note: For table entries with two numbers listed, the numbers in parentheses indicate the number of resources of the given type used by the specific entity alone. The numbers listed outside of parentheses indicate the total resources of the given type used by the specific entity and all of its sub-entities in the hierarchy.


+---------------------------------------------------------------------------------------------+
; Delay Chain Summary                                                                         ;
+-------------+----------+---------------+---------------+-----------------------+-----+------+
; Name        ; Pin Type ; Pad to Core 0 ; Pad to Core 1 ; Pad to Input Register ; TCO ; TCOE ;
+-------------+----------+---------------+---------------+-----------------------+-----+------+
; Q[0]        ; Output   ; --            ; --            ; --                    ; --  ; --   ;
; Q[1]        ; Output   ; --            ; --            ; --                    ; --  ; --   ;
; Q[2]        ; Output   ; --            ; --            ; --                    ; --  ; --   ;
; Q[3]        ; Output   ; --            ; --            ; --                    ; --  ; --   ;
; Q[4]        ; Output   ; --            ; --            ; --                    ; --  ; --   ;
; Q[5]        ; Output   ; --            ; --            ; --                    ; --  ; --   ;
; Q[6]        ; Output   ; --            ; --            ; --                    ; --  ; --   ;
; Q[7]        ; Output   ; --            ; --            ; --                    ; --  ; --   ;
; Q[8]        ; Output   ; --            ; --            ; --                    ; --  ; --   ;
; Q[9]        ; Output   ; --            ; --            ; --                    ; --  ; --   ;
; Q[10]       ; Output   ; --            ; --            ; --                    ; --  ; --   ;
; Q[11]       ; Output   ; --            ; --            ; --                    ; --  ; --   ;
; Q[12]       ; Output   ; --            ; --            ; --                    ; --  ; --   ;
; Q[13]       ; Output   ; --            ; --            ; --                    ; --  ; --   ;
; Q[14]       ; Output   ; --            ; --            ; --                    ; --  ; --   ;
; Q[15]       ; Output   ; --            ; --            ; --                    ; --  ; --   ;
; data_in[0]  ; Input    ; --            ; (6) 868 ps    ; --                    ; --  ; --   ;
; rst         ; Input    ; (6) 868 ps    ; --            ; --                    ; --  ; --   ;
; clk         ; Input    ; (0) 0 ps      ; --            ; --                    ; --  ; --   ;
; r_in        ; Input    ; --            ; (6) 873 ps    ; --                    ; --  ; --   ;
; data_in[1]  ; Input    ; --            ; (6) 873 ps    ; --                    ; --  ; --   ;
; data_in[2]  ; Input    ; (6) 873 ps    ; --            ; --                    ; --  ; --   ;
; data_in[3]  ; Input    ; --            ; (6) 873 ps    ; --                    ; --  ; --   ;
; data_in[4]  ; Input    ; (6) 873 ps    ; --            ; --                    ; --  ; --   ;
; data_in[5]  ; Input    ; --            ; (6) 873 ps    ; --                    ; --  ; --   ;
; data_in[6]  ; Input    ; (6) 868 ps    ; --            ; --                    ; --  ; --   ;
; data_in[7]  ; Input    ; (6) 873 ps    ; --            ; --                    ; --  ; --   ;
; data_in[8]  ; Input    ; (6) 868 ps    ; --            ; --                    ; --  ; --   ;
; data_in[9]  ; Input    ; (6) 873 ps    ; --            ; --                    ; --  ; --   ;
; data_in[10] ; Input    ; --            ; (6) 868 ps    ; --                    ; --  ; --   ;
; data_in[11] ; Input    ; (6) 868 ps    ; --            ; --                    ; --  ; --   ;
; data_in[12] ; Input    ; --            ; (6) 868 ps    ; --                    ; --  ; --   ;
; data_in[13] ; Input    ; (6) 868 ps    ; --            ; --                    ; --  ; --   ;
; data_in[14] ; Input    ; --            ; (6) 873 ps    ; --                    ; --  ; --   ;
; data_in[15] ; Input    ; --            ; (6) 868 ps    ; --                    ; --  ; --   ;
+-------------+----------+---------------+---------------+-----------------------+-----+------+


+---------------------------------------------------+
; Pad To Core Delay Chain Fanout                    ;
+---------------------+-------------------+---------+
; Source Pin / Fanout ; Pad To Core Index ; Setting ;
+---------------------+-------------------+---------+
; data_in[0]          ;                   ;         ;
;      - Q~0          ; 1                 ; 6       ;
; rst                 ;                   ;         ;
;      - Q~0          ; 0                 ; 6       ;
;      - Q[0]~1       ; 0                 ; 6       ;
;      - Q~2          ; 0                 ; 6       ;
;      - Q~3          ; 0                 ; 6       ;
;      - Q~4          ; 0                 ; 6       ;
;      - Q~5          ; 0                 ; 6       ;
;      - Q~6          ; 0                 ; 6       ;
;      - Q~7          ; 0                 ; 6       ;
;      - Q~8          ; 0                 ; 6       ;
;      - Q~9          ; 0                 ; 6       ;
;      - Q~10         ; 0                 ; 6       ;
;      - Q~11         ; 0                 ; 6       ;
;      - Q~12         ; 0                 ; 6       ;
;      - Q~13         ; 0                 ; 6       ;
;      - Q~14         ; 0                 ; 6       ;
;      - Q~15         ; 0                 ; 6       ;
;      - Q~16         ; 0                 ; 6       ;
; clk                 ;                   ;         ;
; r_in                ;                   ;         ;
;      - Q[0]~1       ; 1                 ; 6       ;
; data_in[1]          ;                   ;         ;
;      - Q~2          ; 1                 ; 6       ;
; data_in[2]          ;                   ;         ;
;      - Q~3          ; 0                 ; 6       ;
; data_in[3]          ;                   ;         ;
;      - Q~4          ; 1                 ; 6       ;
; data_in[4]          ;                   ;         ;
;      - Q~5          ; 0                 ; 6       ;
; data_in[5]          ;                   ;         ;
;      - Q~6          ; 1                 ; 6       ;
; data_in[6]          ;                   ;         ;
;      - Q~7          ; 0                 ; 6       ;
; data_in[7]          ;                   ;         ;
;      - Q~8          ; 0                 ; 6       ;
; data_in[8]          ;                   ;         ;
;      - Q~9          ; 0                 ; 6       ;
; data_in[9]          ;                   ;         ;
;      - Q~10         ; 0                 ; 6       ;
; data_in[10]         ;                   ;         ;
;      - Q~11         ; 1                 ; 6       ;
; data_in[11]         ;                   ;         ;
;      - Q~12         ; 0                 ; 6       ;
; data_in[12]         ;                   ;         ;
;      - Q~13         ; 1                 ; 6       ;
; data_in[13]         ;                   ;         ;
;      - Q~14         ; 0                 ; 6       ;
; data_in[14]         ;                   ;         ;
;      - Q~15         ; 1                 ; 6       ;
; data_in[15]         ;                   ;         ;
;      - Q~16         ; 1                 ; 6       ;
+---------------------+-------------------+---------+


+-------------------------------------------------------------------------------------------------------------------------------------+
; Control Signals                                                                                                                     ;
+--------+--------------------+---------+--------------+--------+----------------------+------------------+---------------------------+
; Name   ; Location           ; Fan-Out ; Usage        ; Global ; Global Resource Used ; Global Line Name ; Enable Signal Source Name ;
+--------+--------------------+---------+--------------+--------+----------------------+------------------+---------------------------+
; Q[0]~1 ; LCCOMB_X14_Y22_N14 ; 16      ; Clock enable ; no     ; --                   ; --               ; --                        ;
; clk    ; PIN_M8             ; 16      ; Clock        ; yes    ; Global Clock         ; GCLK3            ; --                        ;
+--------+--------------------+---------+--------------+--------+----------------------+------------------+---------------------------+


+----------------------------------------------------------------------------------------------------------------------------------------+
; Global & Other Fast Signals                                                                                                            ;
+------+----------+---------+--------------------------------------+----------------------+------------------+---------------------------+
; Name ; Location ; Fan-Out ; Fan-Out Using Intentional Clock Skew ; Global Resource Used ; Global Line Name ; Enable Signal Source Name ;
+------+----------+---------+--------------------------------------+----------------------+------------------+---------------------------+
; clk  ; PIN_M8   ; 16      ; 0                                    ; Global Clock         ; GCLK3            ; --                        ;
+------+----------+---------+--------------------------------------+----------------------+------------------+---------------------------+


+-----------------------------------------------+
; Routing Usage Summary                         ;
+-----------------------+-----------------------+
; Routing Resource Type ; Usage                 ;
+-----------------------+-----------------------+
; Block interconnects   ; 39 / 27,275 ( < 1 % ) ;
; C16 interconnects     ; 0 / 1,240 ( 0 % )     ;
; C4 interconnects      ; 37 / 20,832 ( < 1 % ) ;
; Direct links          ; 1 / 27,275 ( < 1 % )  ;
; Global clocks         ; 1 / 10 ( 10 % )       ;
; Local interconnects   ; 1 / 8,064 ( < 1 % )   ;
; R24 interconnects     ; 0 / 1,320 ( 0 % )     ;
; R4 interconnects      ; 28 / 28,560 ( < 1 % ) ;
+-----------------------+-----------------------+


+--------------------------------------------------------------------------+
; LAB Logic Elements                                                       ;
+--------------------------------------------+-----------------------------+
; Number of Logic Elements  (Average = 6.00) ; Number of LABs  (Total = 3) ;
+--------------------------------------------+-----------------------------+
; 1                                          ; 2                           ;
; 2                                          ; 0                           ;
; 3                                          ; 0                           ;
; 4                                          ; 0                           ;
; 5                                          ; 0                           ;
; 6                                          ; 0                           ;
; 7                                          ; 0                           ;
; 8                                          ; 0                           ;
; 9                                          ; 0                           ;
; 10                                         ; 0                           ;
; 11                                         ; 0                           ;
; 12                                         ; 0                           ;
; 13                                         ; 0                           ;
; 14                                         ; 0                           ;
; 15                                         ; 0                           ;
; 16                                         ; 1                           ;
+--------------------------------------------+-----------------------------+


+------------------------------------------------------------------+
; LAB-wide Signals                                                 ;
+------------------------------------+-----------------------------+
; LAB-wide Signals  (Average = 1.00) ; Number of LABs  (Total = 3) ;
+------------------------------------+-----------------------------+
; 1 Clock                            ; 2                           ;
; 1 Clock enable                     ; 1                           ;
+------------------------------------+-----------------------------+


+----------------------------------------------------------------------------+
; LAB Signals Sourced                                                        ;
+----------------------------------------------+-----------------------------+
; Number of Signals Sourced  (Average = 11.33) ; Number of LABs  (Total = 3) ;
+----------------------------------------------+-----------------------------+
; 0                                            ; 0                           ;
; 1                                            ; 1                           ;
; 2                                            ; 1                           ;
; 3                                            ; 0                           ;
; 4                                            ; 0                           ;
; 5                                            ; 0                           ;
; 6                                            ; 0                           ;
; 7                                            ; 0                           ;
; 8                                            ; 0                           ;
; 9                                            ; 0                           ;
; 10                                           ; 0                           ;
; 11                                           ; 0                           ;
; 12                                           ; 0                           ;
; 13                                           ; 0                           ;
; 14                                           ; 0                           ;
; 15                                           ; 0                           ;
; 16                                           ; 0                           ;
; 17                                           ; 0                           ;
; 18                                           ; 0                           ;
; 19                                           ; 0                           ;
; 20                                           ; 0                           ;
; 21                                           ; 0                           ;
; 22                                           ; 0                           ;
; 23                                           ; 0                           ;
; 24                                           ; 0                           ;
; 25                                           ; 0                           ;
; 26                                           ; 0                           ;
; 27                                           ; 0                           ;
; 28                                           ; 0                           ;
; 29                                           ; 0                           ;
; 30                                           ; 0                           ;
; 31                                           ; 1                           ;
+----------------------------------------------+-----------------------------+


+-------------------------------------------------------------------------------+
; LAB Signals Sourced Out                                                       ;
+-------------------------------------------------+-----------------------------+
; Number of Signals Sourced Out  (Average = 6.00) ; Number of LABs  (Total = 3) ;
+-------------------------------------------------+-----------------------------+
; 0                                               ; 0                           ;
; 1                                               ; 2                           ;
; 2                                               ; 0                           ;
; 3                                               ; 0                           ;
; 4                                               ; 0                           ;
; 5                                               ; 0                           ;
; 6                                               ; 0                           ;
; 7                                               ; 0                           ;
; 8                                               ; 0                           ;
; 9                                               ; 0                           ;
; 10                                              ; 0                           ;
; 11                                              ; 0                           ;
; 12                                              ; 0                           ;
; 13                                              ; 0                           ;
; 14                                              ; 0                           ;
; 15                                              ; 0                           ;
; 16                                              ; 1                           ;
+-------------------------------------------------+-----------------------------+


+---------------------------------------------------------------------------+
; LAB Distinct Inputs                                                       ;
+---------------------------------------------+-----------------------------+
; Number of Distinct Inputs  (Average = 7.33) ; Number of LABs  (Total = 3) ;
+---------------------------------------------+-----------------------------+
; 0                                           ; 0                           ;
; 1                                           ; 0                           ;
; 2                                           ; 0                           ;
; 3                                           ; 0                           ;
; 4                                           ; 1                           ;
; 5                                           ; 0                           ;
; 6                                           ; 0                           ;
; 7                                           ; 0                           ;
; 8                                           ; 0                           ;
; 9                                           ; 0                           ;
; 10                                          ; 0                           ;
; 11                                          ; 0                           ;
; 12                                          ; 0                           ;
; 13                                          ; 0                           ;
; 14                                          ; 0                           ;
; 15                                          ; 0                           ;
; 16                                          ; 0                           ;
; 17                                          ; 0                           ;
; 18                                          ; 1                           ;
+---------------------------------------------+-----------------------------+


+------------------------------------------+
; I/O Rules Summary                        ;
+----------------------------------+-------+
; I/O Rules Statistic              ; Total ;
+----------------------------------+-------+
; Total I/O Rules                  ; 30    ;
; Number of I/O Rules Passed       ; 9     ;
; Number of I/O Rules Failed       ; 0     ;
; Number of I/O Rules Unchecked    ; 0     ;
; Number of I/O Rules Inapplicable ; 21    ;
+----------------------------------+-------+


+-----------------------------------------------------------------------------------------------------------------------------------------------------------------------------------------------------------------------------------------------------------------------------------------------------+
; I/O Rules Details                                                                                                                                                                                                                                                                                   ;
+--------------+-----------+-----------------------------------+------------------------------------------------------------------------------------------------------+----------+--------------------------------------------------------------------------+---------------------+-------------------+
; Status       ; ID        ; Category                          ; Rule Description                                                                                     ; Severity ; Information                                                              ; Area                ; Extra Information ;
+--------------+-----------+-----------------------------------+------------------------------------------------------------------------------------------------------+----------+--------------------------------------------------------------------------+---------------------+-------------------+
; Inapplicable ; IO_000001 ; Capacity Checks                   ; Number of pins in an I/O bank should not exceed the number of locations available.                   ; Critical ; No Location assignments found.                                           ; I/O                 ;                   ;
; Inapplicable ; IO_000002 ; Capacity Checks                   ; Number of clocks in an I/O bank should not exceed the number of clocks available.                    ; Critical ; No Global Signal assignments found.                                      ; I/O                 ;                   ;
; Inapplicable ; IO_000003 ; Capacity Checks                   ; Number of pins in a Vrefgroup should not exceed the number of locations available.                   ; Critical ; No Location assignments found.                                           ; I/O                 ;                   ;
; Inapplicable ; IO_000004 ; Voltage Compatibility Checks      ; The I/O bank should support the requested VCCIO.                                                     ; Critical ; No IOBANK_VCCIO assignments found.                                       ; I/O                 ;                   ;
; Inapplicable ; IO_000005 ; Voltage Compatibility Checks      ; The I/O bank should not have competing VREF values.                                                  ; Critical ; No VREF I/O Standard assignments found.                                  ; I/O                 ;                   ;
; Pass         ; IO_000006 ; Voltage Compatibility Checks      ; The I/O bank should not have competing VCCIO values.                                                 ; Critical ; 0 such failures found.                                                   ; I/O                 ;                   ;
; Inapplicable ; IO_000007 ; Valid Location Checks             ; Checks for unavailable locations.                                                                    ; Critical ; No Location assignments found.                                           ; I/O                 ;                   ;
; Inapplicable ; IO_000008 ; Valid Location Checks             ; Checks for reserved locations.                                                                       ; Critical ; No reserved LogicLock region found.                                      ; I/O                 ;                   ;
; Pass         ; IO_000009 ; I/O Properties Checks for One I/O ; The location should support the requested I/O standard.                                              ; Critical ; 0 such failures found.                                                   ; I/O                 ;                   ;
; Pass         ; IO_000010 ; I/O Properties Checks for One I/O ; The location should support the requested I/O direction.                                             ; Critical ; 0 such failures found.                                                   ; I/O                 ;                   ;
; Inapplicable ; IO_000011 ; I/O Properties Checks for One I/O ; The location should support the requested Current Strength.                                          ; Critical ; No Current Strength assignments found.                                   ; I/O                 ;                   ;
; Pass         ; IO_000012 ; I/O Properties Checks for One I/O ; The location should support the requested On Chip Termination value.                                 ; Critical ; 0 such failures found.                                                   ; I/O                 ;                   ;
; Inapplicable ; IO_000013 ; I/O Properties Checks for One I/O ; The location should support the requested Bus Hold value.                                            ; Critical ; No Enable Bus-Hold Circuitry assignments found.                          ; I/O                 ;                   ;
; Inapplicable ; IO_000014 ; I/O Properties Checks for One I/O ; The location should support the requested Weak Pull Up value.                                        ; Critical ; No Weak Pull-Up Resistor assignments found.                              ; I/O                 ;                   ;
; Pass         ; IO_000015 ; I/O Properties Checks for One I/O ; The location should support the requested PCI Clamp Diode.                                           ; Critical ; 0 such failures found.                                                   ; I/O                 ;                   ;
; Inapplicable ; IO_000018 ; I/O Properties Checks for One I/O ; The I/O standard should support the requested Current Strength.                                      ; Critical ; No Current Strength assignments found.                                   ; I/O                 ;                   ;
; Pass         ; IO_000019 ; I/O Properties Checks for One I/O ; The I/O standard should support the requested On Chip Termination value.                             ; Critical ; 0 such failures found.                                                   ; I/O                 ;                   ;
; Pass         ; IO_000020 ; I/O Properties Checks for One I/O ; The I/O standard should support the requested PCI Clamp Diode.                                       ; Critical ; 0 such failures found.                                                   ; I/O                 ;                   ;
; Inapplicable ; IO_000021 ; I/O Properties Checks for One I/O ; The I/O standard should support the requested Weak Pull Up value.                                    ; Critical ; No Weak Pull-Up Resistor assignments found.                              ; I/O                 ;                   ;
; Inapplicable ; IO_000022 ; I/O Properties Checks for One I/O ; The I/O standard should support the requested Bus Hold value.                                        ; Critical ; No Enable Bus-Hold Circuitry assignments found.                          ; I/O                 ;                   ;
; Inapplicable ; IO_000023 ; I/O Properties Checks for One I/O ; The I/O standard should support the Open Drain value.                                                ; Critical ; No open drain assignments found.                                         ; I/O                 ;                   ;
; Pass         ; IO_000024 ; I/O Properties Checks for One I/O ; The I/O direction should support the On Chip Termination value.                                      ; Critical ; 0 such failures found.                                                   ; I/O                 ;                   ;
; Inapplicable ; IO_000026 ; I/O Properties Checks for One I/O ; On Chip Termination and Current Strength should not be used at the same time.                        ; Critical ; No Current Strength assignments found.                                   ; I/O                 ;                   ;
; Inapplicable ; IO_000027 ; I/O Properties Checks for One I/O ; Weak Pull Up and Bus Hold should not be used at the same time.                                       ; Critical ; No Enable Bus-Hold Circuitry or Weak Pull-Up Resistor assignments found. ; I/O                 ;                   ;
; Inapplicable ; IO_000045 ; I/O Properties Checks for One I/O ; The I/O standard should support the requested Slew Rate value.                                       ; Critical ; No Slew Rate assignments found.                                          ; I/O                 ;                   ;
; Inapplicable ; IO_000046 ; I/O Properties Checks for One I/O ; The location should support the requested Slew Rate value.                                           ; Critical ; No Slew Rate assignments found.                                          ; I/O                 ;                   ;
; Inapplicable ; IO_000047 ; I/O Properties Checks for One I/O ; On Chip Termination and Slew Rate should not be used at the same time.                               ; Critical ; No Slew Rate assignments found.                                          ; I/O                 ;                   ;
; Pass         ; IO_000033 ; Electromigration Checks           ; Current density for consecutive I/Os should not exceed 160mA for row I/Os and 160mA for column I/Os. ; Critical ; 0 such failures found.                                                   ; I/O                 ;                   ;
; Inapplicable ; IO_000034 ; SI Related Distance Checks        ; Single-ended outputs should be 5 LAB row(s) away from a differential I/O.                            ; High     ; No Differential I/O Standard assignments found.                          ; I/O                 ;                   ;
; Inapplicable ; IO_000042 ; SI Related SSO Limit Checks       ; No more than 20 outputs are allowed in a VREF group when VREF is being read from.                    ; High     ; No VREF I/O Standard assignments found.                                  ; I/O                 ;                   ;
; ----         ; ----      ; Disclaimer                        ; OCT rules are checked but not reported.                                                              ; None     ; ----                                                                     ; On Chip Termination ;                   ;
+--------------+-----------+-----------------------------------+------------------------------------------------------------------------------------------------------+----------+--------------------------------------------------------------------------+---------------------+-------------------+


+--------------------------------------------------------------------------------------------------------------------------------------------------------------------------------------------------------------------------------------------------------------------------------------------------------------------------------------------------------------------------------------------------------------------------------------------------------------------------+
; I/O Rules Matrix                                                                                                                                                                                                                                                                                                                                                                                                                                                         ;
+--------------------+--------------+--------------+--------------+--------------+--------------+-----------+--------------+--------------+-----------+-----------+--------------+--------------+--------------+--------------+--------------+--------------+--------------+--------------+--------------+--------------+--------------+--------------+--------------+--------------+--------------+--------------+--------------+-----------+--------------+--------------+
; Pin/Rules          ; IO_000001    ; IO_000002    ; IO_000003    ; IO_000004    ; IO_000005    ; IO_000006 ; IO_000007    ; IO_000008    ; IO_000009 ; IO_000010 ; IO_000011    ; IO_000012    ; IO_000013    ; IO_000014    ; IO_000015    ; IO_000018    ; IO_000019    ; IO_000020    ; IO_000021    ; IO_000022    ; IO_000023    ; IO_000024    ; IO_000026    ; IO_000027    ; IO_000045    ; IO_000046    ; IO_000047    ; IO_000033 ; IO_000034    ; IO_000042    ;
+--------------------+--------------+--------------+--------------+--------------+--------------+-----------+--------------+--------------+-----------+-----------+--------------+--------------+--------------+--------------+--------------+--------------+--------------+--------------+--------------+--------------+--------------+--------------+--------------+--------------+--------------+--------------+--------------+-----------+--------------+--------------+
; Total Pass         ; 0            ; 0            ; 0            ; 0            ; 0            ; 35        ; 0            ; 0            ; 35        ; 35        ; 0            ; 16           ; 0            ; 0            ; 19           ; 0            ; 16           ; 19           ; 0            ; 0            ; 0            ; 16           ; 0            ; 0            ; 0            ; 0            ; 0            ; 35        ; 0            ; 0            ;
; Total Unchecked    ; 0            ; 0            ; 0            ; 0            ; 0            ; 0         ; 0            ; 0            ; 0         ; 0         ; 0            ; 0            ; 0            ; 0            ; 0            ; 0            ; 0            ; 0            ; 0            ; 0            ; 0            ; 0            ; 0            ; 0            ; 0            ; 0            ; 0            ; 0         ; 0            ; 0            ;
; Total Inapplicable ; 35           ; 35           ; 35           ; 35           ; 35           ; 0         ; 35           ; 35           ; 0         ; 0         ; 35           ; 19           ; 35           ; 35           ; 16           ; 35           ; 19           ; 16           ; 35           ; 35           ; 35           ; 19           ; 35           ; 35           ; 35           ; 35           ; 35           ; 0         ; 35           ; 35           ;
; Total Fail         ; 0            ; 0            ; 0            ; 0            ; 0            ; 0         ; 0            ; 0            ; 0         ; 0         ; 0            ; 0            ; 0            ; 0            ; 0            ; 0            ; 0            ; 0            ; 0            ; 0            ; 0            ; 0            ; 0            ; 0            ; 0            ; 0            ; 0            ; 0         ; 0            ; 0            ;
; Q[0]               ; Inapplicable ; Inapplicable ; Inapplicable ; Inapplicable ; Inapplicable ; Pass      ; Inapplicable ; Inapplicable ; Pass      ; Pass      ; Inapplicable ; Pass         ; Inapplicable ; Inapplicable ; Inapplicable ; Inapplicable ; Pass         ; Inapplicable ; Inapplicable ; Inapplicable ; Inapplicable ; Pass         ; Inapplicable ; Inapplicable ; Inapplicable ; Inapplicable ; Inapplicable ; Pass      ; Inapplicable ; Inapplicable ;
; Q[1]               ; Inapplicable ; Inapplicable ; Inapplicable ; Inapplicable ; Inapplicable ; Pass      ; Inapplicable ; Inapplicable ; Pass      ; Pass      ; Inapplicable ; Pass         ; Inapplicable ; Inapplicable ; Inapplicable ; Inapplicable ; Pass         ; Inapplicable ; Inapplicable ; Inapplicable ; Inapplicable ; Pass         ; Inapplicable ; Inapplicable ; Inapplicable ; Inapplicable ; Inapplicable ; Pass      ; Inapplicable ; Inapplicable ;
; Q[2]               ; Inapplicable ; Inapplicable ; Inapplicable ; Inapplicable ; Inapplicable ; Pass      ; Inapplicable ; Inapplicable ; Pass      ; Pass      ; Inapplicable ; Pass         ; Inapplicable ; Inapplicable ; Inapplicable ; Inapplicable ; Pass         ; Inapplicable ; Inapplicable ; Inapplicable ; Inapplicable ; Pass         ; Inapplicable ; Inapplicable ; Inapplicable ; Inapplicable ; Inapplicable ; Pass      ; Inapplicable ; Inapplicable ;
; Q[3]               ; Inapplicable ; Inapplicable ; Inapplicable ; Inapplicable ; Inapplicable ; Pass      ; Inapplicable ; Inapplicable ; Pass      ; Pass      ; Inapplicable ; Pass         ; Inapplicable ; Inapplicable ; Inapplicable ; Inapplicable ; Pass         ; Inapplicable ; Inapplicable ; Inapplicable ; Inapplicable ; Pass         ; Inapplicable ; Inapplicable ; Inapplicable ; Inapplicable ; Inapplicable ; Pass      ; Inapplicable ; Inapplicable ;
; Q[4]               ; Inapplicable ; Inapplicable ; Inapplicable ; Inapplicable ; Inapplicable ; Pass      ; Inapplicable ; Inapplicable ; Pass      ; Pass      ; Inapplicable ; Pass         ; Inapplicable ; Inapplicable ; Inapplicable ; Inapplicable ; Pass         ; Inapplicable ; Inapplicable ; Inapplicable ; Inapplicable ; Pass         ; Inapplicable ; Inapplicable ; Inapplicable ; Inapplicable ; Inapplicable ; Pass      ; Inapplicable ; Inapplicable ;
; Q[5]               ; Inapplicable ; Inapplicable ; Inapplicable ; Inapplicable ; Inapplicable ; Pass      ; Inapplicable ; Inapplicable ; Pass      ; Pass      ; Inapplicable ; Pass         ; Inapplicable ; Inapplicable ; Inapplicable ; Inapplicable ; Pass         ; Inapplicable ; Inapplicable ; Inapplicable ; Inapplicable ; Pass         ; Inapplicable ; Inapplicable ; Inapplicable ; Inapplicable ; Inapplicable ; Pass      ; Inapplicable ; Inapplicable ;
; Q[6]               ; Inapplicable ; Inapplicable ; Inapplicable ; Inapplicable ; Inapplicable ; Pass      ; Inapplicable ; Inapplicable ; Pass      ; Pass      ; Inapplicable ; Pass         ; Inapplicable ; Inapplicable ; Inapplicable ; Inapplicable ; Pass         ; Inapplicable ; Inapplicable ; Inapplicable ; Inapplicable ; Pass         ; Inapplicable ; Inapplicable ; Inapplicable ; Inapplicable ; Inapplicable ; Pass      ; Inapplicable ; Inapplicable ;
; Q[7]               ; Inapplicable ; Inapplicable ; Inapplicable ; Inapplicable ; Inapplicable ; Pass      ; Inapplicable ; Inapplicable ; Pass      ; Pass      ; Inapplicable ; Pass         ; Inapplicable ; Inapplicable ; Inapplicable ; Inapplicable ; Pass         ; Inapplicable ; Inapplicable ; Inapplicable ; Inapplicable ; Pass         ; Inapplicable ; Inapplicable ; Inapplicable ; Inapplicable ; Inapplicable ; Pass      ; Inapplicable ; Inapplicable ;
; Q[8]               ; Inapplicable ; Inapplicable ; Inapplicable ; Inapplicable ; Inapplicable ; Pass      ; Inapplicable ; Inapplicable ; Pass      ; Pass      ; Inapplicable ; Pass         ; Inapplicable ; Inapplicable ; Inapplicable ; Inapplicable ; Pass         ; Inapplicable ; Inapplicable ; Inapplicable ; Inapplicable ; Pass         ; Inapplicable ; Inapplicable ; Inapplicable ; Inapplicable ; Inapplicable ; Pass      ; Inapplicable ; Inapplicable ;
; Q[9]               ; Inapplicable ; Inapplicable ; Inapplicable ; Inapplicable ; Inapplicable ; Pass      ; Inapplicable ; Inapplicable ; Pass      ; Pass      ; Inapplicable ; Pass         ; Inapplicable ; Inapplicable ; Inapplicable ; Inapplicable ; Pass         ; Inapplicable ; Inapplicable ; Inapplicable ; Inapplicable ; Pass         ; Inapplicable ; Inapplicable ; Inapplicable ; Inapplicable ; Inapplicable ; Pass      ; Inapplicable ; Inapplicable ;
; Q[10]              ; Inapplicable ; Inapplicable ; Inapplicable ; Inapplicable ; Inapplicable ; Pass      ; Inapplicable ; Inapplicable ; Pass      ; Pass      ; Inapplicable ; Pass         ; Inapplicable ; Inapplicable ; Inapplicable ; Inapplicable ; Pass         ; Inapplicable ; Inapplicable ; Inapplicable ; Inapplicable ; Pass         ; Inapplicable ; Inapplicable ; Inapplicable ; Inapplicable ; Inapplicable ; Pass      ; Inapplicable ; Inapplicable ;
; Q[11]              ; Inapplicable ; Inapplicable ; Inapplicable ; Inapplicable ; Inapplicable ; Pass      ; Inapplicable ; Inapplicable ; Pass      ; Pass      ; Inapplicable ; Pass         ; Inapplicable ; Inapplicable ; Inapplicable ; Inapplicable ; Pass         ; Inapplicable ; Inapplicable ; Inapplicable ; Inapplicable ; Pass         ; Inapplicable ; Inapplicable ; Inapplicable ; Inapplicable ; Inapplicable ; Pass      ; Inapplicable ; Inapplicable ;
; Q[12]              ; Inapplicable ; Inapplicable ; Inapplicable ; Inapplicable ; Inapplicable ; Pass      ; Inapplicable ; Inapplicable ; Pass      ; Pass      ; Inapplicable ; Pass         ; Inapplicable ; Inapplicable ; Inapplicable ; Inapplicable ; Pass         ; Inapplicable ; Inapplicable ; Inapplicable ; Inapplicable ; Pass         ; Inapplicable ; Inapplicable ; Inapplicable ; Inapplicable ; Inapplicable ; Pass      ; Inapplicable ; Inapplicable ;
; Q[13]              ; Inapplicable ; Inapplicable ; Inapplicable ; Inapplicable ; Inapplicable ; Pass      ; Inapplicable ; Inapplicable ; Pass      ; Pass      ; Inapplicable ; Pass         ; Inapplicable ; Inapplicable ; Inapplicable ; Inapplicable ; Pass         ; Inapplicable ; Inapplicable ; Inapplicable ; Inapplicable ; Pass         ; Inapplicable ; Inapplicable ; Inapplicable ; Inapplicable ; Inapplicable ; Pass      ; Inapplicable ; Inapplicable ;
; Q[14]              ; Inapplicable ; Inapplicable ; Inapplicable ; Inapplicable ; Inapplicable ; Pass      ; Inapplicable ; Inapplicable ; Pass      ; Pass      ; Inapplicable ; Pass         ; Inapplicable ; Inapplicable ; Inapplicable ; Inapplicable ; Pass         ; Inapplicable ; Inapplicable ; Inapplicable ; Inapplicable ; Pass         ; Inapplicable ; Inapplicable ; Inapplicable ; Inapplicable ; Inapplicable ; Pass      ; Inapplicable ; Inapplicable ;
; Q[15]              ; Inapplicable ; Inapplicable ; Inapplicable ; Inapplicable ; Inapplicable ; Pass      ; Inapplicable ; Inapplicable ; Pass      ; Pass      ; Inapplicable ; Pass         ; Inapplicable ; Inapplicable ; Inapplicable ; Inapplicable ; Pass         ; Inapplicable ; Inapplicable ; Inapplicable ; Inapplicable ; Pass         ; Inapplicable ; Inapplicable ; Inapplicable ; Inapplicable ; Inapplicable ; Pass      ; Inapplicable ; Inapplicable ;
; data_in[0]         ; Inapplicable ; Inapplicable ; Inapplicable ; Inapplicable ; Inapplicable ; Pass      ; Inapplicable ; Inapplicable ; Pass      ; Pass      ; Inapplicable ; Inapplicable ; Inapplicable ; Inapplicable ; Pass         ; Inapplicable ; Inapplicable ; Pass         ; Inapplicable ; Inapplicable ; Inapplicable ; Inapplicable ; Inapplicable ; Inapplicable ; Inapplicable ; Inapplicable ; Inapplicable ; Pass      ; Inapplicable ; Inapplicable ;
; rst                ; Inapplicable ; Inapplicable ; Inapplicable ; Inapplicable ; Inapplicable ; Pass      ; Inapplicable ; Inapplicable ; Pass      ; Pass      ; Inapplicable ; Inapplicable ; Inapplicable ; Inapplicable ; Pass         ; Inapplicable ; Inapplicable ; Pass         ; Inapplicable ; Inapplicable ; Inapplicable ; Inapplicable ; Inapplicable ; Inapplicable ; Inapplicable ; Inapplicable ; Inapplicable ; Pass      ; Inapplicable ; Inapplicable ;
; clk                ; Inapplicable ; Inapplicable ; Inapplicable ; Inapplicable ; Inapplicable ; Pass      ; Inapplicable ; Inapplicable ; Pass      ; Pass      ; Inapplicable ; Inapplicable ; Inapplicable ; Inapplicable ; Pass         ; Inapplicable ; Inapplicable ; Pass         ; Inapplicable ; Inapplicable ; Inapplicable ; Inapplicable ; Inapplicable ; Inapplicable ; Inapplicable ; Inapplicable ; Inapplicable ; Pass      ; Inapplicable ; Inapplicable ;
; r_in               ; Inapplicable ; Inapplicable ; Inapplicable ; Inapplicable ; Inapplicable ; Pass      ; Inapplicable ; Inapplicable ; Pass      ; Pass      ; Inapplicable ; Inapplicable ; Inapplicable ; Inapplicable ; Pass         ; Inapplicable ; Inapplicable ; Pass         ; Inapplicable ; Inapplicable ; Inapplicable ; Inapplicable ; Inapplicable ; Inapplicable ; Inapplicable ; Inapplicable ; Inapplicable ; Pass      ; Inapplicable ; Inapplicable ;
; data_in[1]         ; Inapplicable ; Inapplicable ; Inapplicable ; Inapplicable ; Inapplicable ; Pass      ; Inapplicable ; Inapplicable ; Pass      ; Pass      ; Inapplicable ; Inapplicable ; Inapplicable ; Inapplicable ; Pass         ; Inapplicable ; Inapplicable ; Pass         ; Inapplicable ; Inapplicable ; Inapplicable ; Inapplicable ; Inapplicable ; Inapplicable ; Inapplicable ; Inapplicable ; Inapplicable ; Pass      ; Inapplicable ; Inapplicable ;
; data_in[2]         ; Inapplicable ; Inapplicable ; Inapplicable ; Inapplicable ; Inapplicable ; Pass      ; Inapplicable ; Inapplicable ; Pass      ; Pass      ; Inapplicable ; Inapplicable ; Inapplicable ; Inapplicable ; Pass         ; Inapplicable ; Inapplicable ; Pass         ; Inapplicable ; Inapplicable ; Inapplicable ; Inapplicable ; Inapplicable ; Inapplicable ; Inapplicable ; Inapplicable ; Inapplicable ; Pass      ; Inapplicable ; Inapplicable ;
; data_in[3]         ; Inapplicable ; Inapplicable ; Inapplicable ; Inapplicable ; Inapplicable ; Pass      ; Inapplicable ; Inapplicable ; Pass      ; Pass      ; Inapplicable ; Inapplicable ; Inapplicable ; Inapplicable ; Pass         ; Inapplicable ; Inapplicable ; Pass         ; Inapplicable ; Inapplicable ; Inapplicable ; Inapplicable ; Inapplicable ; Inapplicable ; Inapplicable ; Inapplicable ; Inapplicable ; Pass      ; Inapplicable ; Inapplicable ;
; data_in[4]         ; Inapplicable ; Inapplicable ; Inapplicable ; Inapplicable ; Inapplicable ; Pass      ; Inapplicable ; Inapplicable ; Pass      ; Pass      ; Inapplicable ; Inapplicable ; Inapplicable ; Inapplicable ; Pass         ; Inapplicable ; Inapplicable ; Pass         ; Inapplicable ; Inapplicable ; Inapplicable ; Inapplicable ; Inapplicable ; Inapplicable ; Inapplicable ; Inapplicable ; Inapplicable ; Pass      ; Inapplicable ; Inapplicable ;
; data_in[5]         ; Inapplicable ; Inapplicable ; Inapplicable ; Inapplicable ; Inapplicable ; Pass      ; Inapplicable ; Inapplicable ; Pass      ; Pass      ; Inapplicable ; Inapplicable ; Inapplicable ; Inapplicable ; Pass         ; Inapplicable ; Inapplicable ; Pass         ; Inapplicable ; Inapplicable ; Inapplicable ; Inapplicable ; Inapplicable ; Inapplicable ; Inapplicable ; Inapplicable ; Inapplicable ; Pass      ; Inapplicable ; Inapplicable ;
; data_in[6]         ; Inapplicable ; Inapplicable ; Inapplicable ; Inapplicable ; Inapplicable ; Pass      ; Inapplicable ; Inapplicable ; Pass      ; Pass      ; Inapplicable ; Inapplicable ; Inapplicable ; Inapplicable ; Pass         ; Inapplicable ; Inapplicable ; Pass         ; Inapplicable ; Inapplicable ; Inapplicable ; Inapplicable ; Inapplicable ; Inapplicable ; Inapplicable ; Inapplicable ; Inapplicable ; Pass      ; Inapplicable ; Inapplicable ;
; data_in[7]         ; Inapplicable ; Inapplicable ; Inapplicable ; Inapplicable ; Inapplicable ; Pass      ; Inapplicable ; Inapplicable ; Pass      ; Pass      ; Inapplicable ; Inapplicable ; Inapplicable ; Inapplicable ; Pass         ; Inapplicable ; Inapplicable ; Pass         ; Inapplicable ; Inapplicable ; Inapplicable ; Inapplicable ; Inapplicable ; Inapplicable ; Inapplicable ; Inapplicable ; Inapplicable ; Pass      ; Inapplicable ; Inapplicable ;
; data_in[8]         ; Inapplicable ; Inapplicable ; Inapplicable ; Inapplicable ; Inapplicable ; Pass      ; Inapplicable ; Inapplicable ; Pass      ; Pass      ; Inapplicable ; Inapplicable ; Inapplicable ; Inapplicable ; Pass         ; Inapplicable ; Inapplicable ; Pass         ; Inapplicable ; Inapplicable ; Inapplicable ; Inapplicable ; Inapplicable ; Inapplicable ; Inapplicable ; Inapplicable ; Inapplicable ; Pass      ; Inapplicable ; Inapplicable ;
; data_in[9]         ; Inapplicable ; Inapplicable ; Inapplicable ; Inapplicable ; Inapplicable ; Pass      ; Inapplicable ; Inapplicable ; Pass      ; Pass      ; Inapplicable ; Inapplicable ; Inapplicable ; Inapplicable ; Pass         ; Inapplicable ; Inapplicable ; Pass         ; Inapplicable ; Inapplicable ; Inapplicable ; Inapplicable ; Inapplicable ; Inapplicable ; Inapplicable ; Inapplicable ; Inapplicable ; Pass      ; Inapplicable ; Inapplicable ;
; data_in[10]        ; Inapplicable ; Inapplicable ; Inapplicable ; Inapplicable ; Inapplicable ; Pass      ; Inapplicable ; Inapplicable ; Pass      ; Pass      ; Inapplicable ; Inapplicable ; Inapplicable ; Inapplicable ; Pass         ; Inapplicable ; Inapplicable ; Pass         ; Inapplicable ; Inapplicable ; Inapplicable ; Inapplicable ; Inapplicable ; Inapplicable ; Inapplicable ; Inapplicable ; Inapplicable ; Pass      ; Inapplicable ; Inapplicable ;
; data_in[11]        ; Inapplicable ; Inapplicable ; Inapplicable ; Inapplicable ; Inapplicable ; Pass      ; Inapplicable ; Inapplicable ; Pass      ; Pass      ; Inapplicable ; Inapplicable ; Inapplicable ; Inapplicable ; Pass         ; Inapplicable ; Inapplicable ; Pass         ; Inapplicable ; Inapplicable ; Inapplicable ; Inapplicable ; Inapplicable ; Inapplicable ; Inapplicable ; Inapplicable ; Inapplicable ; Pass      ; Inapplicable ; Inapplicable ;
; data_in[12]        ; Inapplicable ; Inapplicable ; Inapplicable ; Inapplicable ; Inapplicable ; Pass      ; Inapplicable ; Inapplicable ; Pass      ; Pass      ; Inapplicable ; Inapplicable ; Inapplicable ; Inapplicable ; Pass         ; Inapplicable ; Inapplicable ; Pass         ; Inapplicable ; Inapplicable ; Inapplicable ; Inapplicable ; Inapplicable ; Inapplicable ; Inapplicable ; Inapplicable ; Inapplicable ; Pass      ; Inapplicable ; Inapplicable ;
; data_in[13]        ; Inapplicable ; Inapplicable ; Inapplicable ; Inapplicable ; Inapplicable ; Pass      ; Inapplicable ; Inapplicable ; Pass      ; Pass      ; Inapplicable ; Inapplicable ; Inapplicable ; Inapplicable ; Pass         ; Inapplicable ; Inapplicable ; Pass         ; Inapplicable ; Inapplicable ; Inapplicable ; Inapplicable ; Inapplicable ; Inapplicable ; Inapplicable ; Inapplicable ; Inapplicable ; Pass      ; Inapplicable ; Inapplicable ;
; data_in[14]        ; Inapplicable ; Inapplicable ; Inapplicable ; Inapplicable ; Inapplicable ; Pass      ; Inapplicable ; Inapplicable ; Pass      ; Pass      ; Inapplicable ; Inapplicable ; Inapplicable ; Inapplicable ; Pass         ; Inapplicable ; Inapplicable ; Pass         ; Inapplicable ; Inapplicable ; Inapplicable ; Inapplicable ; Inapplicable ; Inapplicable ; Inapplicable ; Inapplicable ; Inapplicable ; Pass      ; Inapplicable ; Inapplicable ;
; data_in[15]        ; Inapplicable ; Inapplicable ; Inapplicable ; Inapplicable ; Inapplicable ; Pass      ; Inapplicable ; Inapplicable ; Pass      ; Pass      ; Inapplicable ; Inapplicable ; Inapplicable ; Inapplicable ; Pass         ; Inapplicable ; Inapplicable ; Pass         ; Inapplicable ; Inapplicable ; Inapplicable ; Inapplicable ; Inapplicable ; Inapplicable ; Inapplicable ; Inapplicable ; Inapplicable ; Pass      ; Inapplicable ; Inapplicable ;
+--------------------+--------------+--------------+--------------+--------------+--------------+-----------+--------------+--------------+-----------+-----------+--------------+--------------+--------------+--------------+--------------+--------------+--------------+--------------+--------------+--------------+--------------+--------------+--------------+--------------+--------------+--------------+--------------+-----------+--------------+--------------+


+-------------------------------------------------------------------------------------------+
; Fitter Device Options                                                                     ;
+------------------------------------------------------------------+------------------------+
; Option                                                           ; Setting                ;
+------------------------------------------------------------------+------------------------+
; Enable user-supplied start-up clock (CLKUSR)                     ; Off                    ;
; Enable device-wide reset (DEV_CLRn)                              ; Off                    ;
; Enable device-wide output enable (DEV_OE)                        ; Off                    ;
; Enable INIT_DONE output                                          ; Off                    ;
; Configuration scheme                                             ; Internal Configuration ;
; Enable Error Detection CRC_ERROR pin                             ; Off                    ;
; Enable open drain on CRC_ERROR pin                               ; Off                    ;
; Enable nCONFIG, nSTATUS, and CONF_DONE pins                      ; On                     ;
; Enable JTAG pin sharing                                          ; Off                    ;
; Enable nCE pin                                                   ; Off                    ;
; Enable CONFIG_SEL pin                                            ; On                     ;
; Enable input tri-state on active configuration pins in user mode ; Off                    ;
; Configuration Voltage Level                                      ; Auto                   ;
; Force Configuration Voltage Level                                ; Off                    ;
; Data[0]                                                          ; Unreserved             ;
; Data[1]/ASDO                                                     ; Unreserved             ;
; FLASH_nCE/nCSO                                                   ; Unreserved             ;
; DCLK                                                             ; Unreserved             ;
+------------------------------------------------------------------+------------------------+


+------------------------------------+
; Operating Settings and Conditions  ;
+---------------------------+--------+
; Setting                   ; Value  ;
+---------------------------+--------+
; Nominal Core Voltage      ; 1.20 V ;
; Low Junction Temperature  ; 0 °C   ;
; High Junction Temperature ; 85 °C  ;
+---------------------------+--------+


+-----------------+
; Fitter Messages ;
+-----------------+
Warning (18236): Number of processors has not been specified which may cause overloading on shared machines.  Set the global assignment NUM_PARALLEL_PROCESSORS in your QSF to an appropriate value for best performance.
Info (20030): Parallel compilation is enabled and will use 4 of the 4 processors detected
Info (119006): Selected device 10M08DAF484C8G for design "ECE2072Project"
Info (21077): Low junction temperature is 0 degrees C
Info (21077): High junction temperature is 85 degrees C
Info (171003): Fitter is performing an Auto Fit compilation, which may decrease Fitter effort to reduce compilation time
Warning (292013): Feature LogicLock is only available with a valid subscription license. You can purchase a software subscription to gain full access to this feature.
Info (176444): Device migration not selected. If you intend to use device migration later, you may need to change the pin assignments as they may be incompatible with other devices
    Info (176445): Device 10M08DAF484C8GES is compatible
    Info (176445): Device 10M16DAF484C8G is compatible
    Info (176445): Device 10M25DAF484C8G is compatible
    Info (176445): Device 10M50DAF484C8GES is compatible
    Info (176445): Device 10M50DAF484C8G is compatible
    Info (176445): Device 10M40DAF484C8G is compatible
Info (169124): Fitter converted 8 user pins into dedicated programming pins
    Info (169125): Pin ~ALTERA_TMS~ is reserved at location H2
    Info (169125): Pin ~ALTERA_TCK~ is reserved at location G2
    Info (169125): Pin ~ALTERA_TDI~ is reserved at location L4
    Info (169125): Pin ~ALTERA_TDO~ is reserved at location M5
    Info (169125): Pin ~ALTERA_CONFIG_SEL~ is reserved at location H10
    Info (169125): Pin ~ALTERA_nCONFIG~ is reserved at location H9
    Info (169125): Pin ~ALTERA_nSTATUS~ is reserved at location G9
    Info (169125): Pin ~ALTERA_CONF_DONE~ is reserved at location F8
Info (169141): DATA[0] dual-purpose pin not reserved
Info (12825): Data[1]/ASDO dual-purpose pin not reserved
Info (12825): nCSO dual-purpose pin not reserved
Info (12825): DCLK dual-purpose pin not reserved
Warning (15714): Some pins have incomplete I/O assignments. Refer to the I/O Assignment Warnings report for details
Critical Warning (169085): No exact pin location assignment(s) for 35 pins of 35 total pins. For the list of pins please refer to the I/O Assignment Warnings table in the fitter report.
Critical Warning (332012): Synopsys Design Constraints File file not found: 'ECE2072Project.sdc'. A Synopsys Design Constraints File is required by the Timing Analyzer to get proper timing constraints. Without it, the Compiler will not properly optimize the design.
Info (332144): No user constrained base clocks found in the design
Info (332143): No user constrained clock uncertainty found in the design. Calling "derive_clock_uncertainty"
Info (332154): The derive_clock_uncertainty command did not apply clock uncertainty to any clock-to-clock transfers.
Info (332130): Timing requirements not specified -- quality metrics such as performance may be sacrificed to reduce compilation time.
Info (176353): Automatically promoted node clk~input (placed in PIN M8 (CLK1n, DIFFIO_RX_L20n, DIFFOUT_L20n, High_Speed)) File: C:/Users/Exam/Desktop/uni/2026/ECE2072/Ece2072Project/register_n.v Line: 17
    Info (176355): Automatically promoted destinations to use location or clock signal Global Clock CLKCTRL_G3
Info (176233): Starting register packing
Info (176235): Finished register packing
    Extra Info (176219): No registers were packed into other blocks
Info (176214): Statistics of I/O pins that need to be placed that use the same VCCIO and VREF, before I/O pin placement
    Info (176211): Number of I/O pins in group: 34 (unused VREF, 2.5V VCCIO, 18 input, 16 output, 0 bidirectional)
        Info (176212): I/O standards used: 2.5 V.
Info (176215): I/O bank details before I/O pin placement
    Info (176214): Statistics of I/O banks
        Info (176213): I/O bank number 1A does not use VREF pins and has undetermined VCCIO pins. 0 total pin(s) used --  16 pins available
        Info (176213): I/O bank number 1B does not use VREF pins and has undetermined VCCIO pins. 4 total pin(s) used --  16 pins available
        Info (176213): I/O bank number 2 does not use VREF pins and has undetermined VCCIO pins. 1 total pin(s) used --  23 pins available
        Info (176213): I/O bank number 3 does not use VREF pins and has undetermined VCCIO pins. 0 total pin(s) used --  36 pins available
        Info (176213): I/O bank number 4 does not use VREF pins and has undetermined VCCIO pins. 0 total pin(s) used --  24 pins available
        Info (176213): I/O bank number 5 does not use VREF pins and has undetermined VCCIO pins. 0 total pin(s) used --  28 pins available
        Info (176213): I/O bank number 6 does not use VREF pins and has undetermined VCCIO pins. 0 total pin(s) used --  42 pins available
        Info (176213): I/O bank number 7 does not use VREF pins and has undetermined VCCIO pins. 0 total pin(s) used --  24 pins available
        Info (176213): I/O bank number 8 does not use VREF pins and has undetermined VCCIO pins. 4 total pin(s) used --  32 pins available
Warning (15705): Ignored locations or region assignments to the following nodes
    Warning (15706): Node "ADC_CLK_10" is assigned to location or region, but does not exist in design
    Warning (15706): Node "ARDUINO_IO[10]" is assigned to location or region, but does not exist in design
    Warning (15706): Node "ARDUINO_IO[11]" is assigned to location or region, but does not exist in design
    Warning (15706): Node "ARDUINO_IO[12]" is assigned to location or region, but does not exist in design
    Warning (15706): Node "ARDUINO_IO[13]" is assigned to location or region, but does not exist in design
    Warning (15706): Node "ARDUINO_IO[14]" is assigned to location or region, but does not exist in design
    Warning (15706): Node "ARDUINO_IO[15]" is assigned to location or region, but does not exist in design
    Warning (15706): Node "ARDUINO_IO[2]" is assigned to location or region, but does not exist in design
    Warning (15706): Node "ARDUINO_IO[3]" is assigned to location or region, but does not exist in design
    Warning (15706): Node "ARDUINO_IO[4]" is assigned to location or region, but does not exist in design
    Warning (15706): Node "ARDUINO_IO[5]" is assigned to location or region, but does not exist in design
    Warning (15706): Node "ARDUINO_IO[6]" is assigned to location or region, but does not exist in design
    Warning (15706): Node "ARDUINO_IO[7]" is assigned to location or region, but does not exist in design
    Warning (15706): Node "ARDUINO_IO[8]" is assigned to location or region, but does not exist in design
    Warning (15706): Node "ARDUINO_IO[9]" is assigned to location or region, but does not exist in design
    Warning (15706): Node "ARDUINO_RESET_N" is assigned to location or region, but does not exist in design
    Warning (15706): Node "CLOCK_50" is assigned to location or region, but does not exist in design
    Warning (15706): Node "DRAM_ADDR[0]" is assigned to location or region, but does not exist in design
    Warning (15706): Node "DRAM_ADDR[10]" is assigned to location or region, but does not exist in design
    Warning (15706): Node "DRAM_ADDR[11]" is assigned to location or region, but does not exist in design
    Warning (15706): Node "DRAM_ADDR[12]" is assigned to location or region, but does not exist in design
    Warning (15706): Node "DRAM_ADDR[1]" is assigned to location or region, but does not exist in design
    Warning (15706): Node "DRAM_ADDR[2]" is assigned to location or region, but does not exist in design
    Warning (15706): Node "DRAM_ADDR[3]" is assigned to location or region, but does not exist in design
    Warning (15706): Node "DRAM_ADDR[4]" is assigned to location or region, but does not exist in design
    Warning (15706): Node "DRAM_ADDR[5]" is assigned to location or region, but does not exist in design
    Warning (15706): Node "DRAM_ADDR[6]" is assigned to location or region, but does not exist in design
    Warning (15706): Node "DRAM_ADDR[7]" is assigned to location or region, but does not exist in design
    Warning (15706): Node "DRAM_ADDR[8]" is assigned to location or region, but does not exist in design
    Warning (15706): Node "DRAM_ADDR[9]" is assigned to location or region, but does not exist in design
    Warning (15706): Node "DRAM_BA[0]" is assigned to location or region, but does not exist in design
    Warning (15706): Node "DRAM_BA[1]" is assigned to location or region, but does not exist in design
    Warning (15706): Node "DRAM_CAS_N" is assigned to location or region, but does not exist in design
    Warning (15706): Node "DRAM_CKE" is assigned to location or region, but does not exist in design
    Warning (15706): Node "DRAM_CLK" is assigned to location or region, but does not exist in design
    Warning (15706): Node "DRAM_CS_N" is assigned to location or region, but does not exist in design
    Warning (15706): Node "DRAM_DQ[0]" is assigned to location or region, but does not exist in design
    Warning (15706): Node "DRAM_DQ[10]" is assigned to location or region, but does not exist in design
    Warning (15706): Node "DRAM_DQ[11]" is assigned to location or region, but does not exist in design
    Warning (15706): Node "DRAM_DQ[12]" is assigned to location or region, but does not exist in design
    Warning (15706): Node "DRAM_DQ[13]" is assigned to location or region, but does not exist in design
    Warning (15706): Node "DRAM_DQ[14]" is assigned to location or region, but does not exist in design
    Warning (15706): Node "DRAM_DQ[15]" is assigned to location or region, but does not exist in design
    Warning (15706): Node "DRAM_DQ[1]" is assigned to location or region, but does not exist in design
    Warning (15706): Node "DRAM_DQ[2]" is assigned to location or region, but does not exist in design
    Warning (15706): Node "DRAM_DQ[3]" is assigned to location or region, but does not exist in design
    Warning (15706): Node "DRAM_DQ[4]" is assigned to location or region, but does not exist in design
    Warning (15706): Node "DRAM_DQ[5]" is assigned to location or region, but does not exist in design
    Warning (15706): Node "DRAM_DQ[6]" is assigned to location or region, but does not exist in design
    Warning (15706): Node "DRAM_DQ[7]" is assigned to location or region, but does not exist in design
    Warning (15706): Node "DRAM_DQ[8]" is assigned to location or region, but does not exist in design
    Warning (15706): Node "DRAM_DQ[9]" is assigned to location or region, but does not exist in design
    Warning (15706): Node "DRAM_LDQM" is assigned to location or region, but does not exist in design
    Warning (15706): Node "DRAM_RAS_N" is assigned to location or region, but does not exist in design
    Warning (15706): Node "DRAM_UDQM" is assigned to location or region, but does not exist in design
    Warning (15706): Node "DRAM_WE_N" is assigned to location or region, but does not exist in design
    Warning (15706): Node "GPIO[0]" is assigned to location or region, but does not exist in design
    Warning (15706): Node "GPIO[10]" is assigned to location or region, but does not exist in design
    Warning (15706): Node "GPIO[11]" is assigned to location or region, but does not exist in design
    Warning (15706): Node "GPIO[12]" is assigned to location or region, but does not exist in design
    Warning (15706): Node "GPIO[13]" is assigned to location or region, but does not exist in design
    Warning (15706): Node "GPIO[14]" is assigned to location or region, but does not exist in design
    Warning (15706): Node "GPIO[15]" is assigned to location or region, but does not exist in design
    Warning (15706): Node "GPIO[16]" is assigned to location or region, but does not exist in design
    Warning (15706): Node "GPIO[17]" is assigned to location or region, but does not exist in design
    Warning (15706): Node "GPIO[18]" is assigned to location or region, but does not exist in design
    Warning (15706): Node "GPIO[19]" is assigned to location or region, but does not exist in design
    Warning (15706): Node "GPIO[1]" is assigned to location or region, but does not exist in design
    Warning (15706): Node "GPIO[20]" is assigned to location or region, but does not exist in design
    Warning (15706): Node "GPIO[21]" is assigned to location or region, but does not exist in design
    Warning (15706): Node "GPIO[22]" is assigned to location or region, but does not exist in design
    Warning (15706): Node "GPIO[23]" is assigned to location or region, but does not exist in design
    Warning (15706): Node "GPIO[24]" is assigned to location or region, but does not exist in design
    Warning (15706): Node "GPIO[25]" is assigned to location or region, but does not exist in design
    Warning (15706): Node "GPIO[26]" is assigned to location or region, but does not exist in design
    Warning (15706): Node "GPIO[27]" is assigned to location or region, but does not exist in design
    Warning (15706): Node "GPIO[28]" is assigned to location or region, but does not exist in design
    Warning (15706): Node "GPIO[29]" is assigned to location or region, but does not exist in design
    Warning (15706): Node "GPIO[2]" is assigned to location or region, but does not exist in design
    Warning (15706): Node "GPIO[30]" is assigned to location or region, but does not exist in design
    Warning (15706): Node "GPIO[31]" is assigned to location or region, but does not exist in design
    Warning (15706): Node "GPIO[32]" is assigned to location or region, but does not exist in design
    Warning (15706): Node "GPIO[33]" is assigned to location or region, but does not exist in design
    Warning (15706): Node "GPIO[34]" is assigned to location or region, but does not exist in design
    Warning (15706): Node "GPIO[35]" is assigned to location or region, but does not exist in design
    Warning (15706): Node "GPIO[3]" is assigned to location or region, but does not exist in design
    Warning (15706): Node "GPIO[4]" is assigned to location or region, but does not exist in design
    Warning (15706): Node "GPIO[5]" is assigned to location or region, but does not exist in design
    Warning (15706): Node "GPIO[6]" is assigned to location or region, but does not exist in design
    Warning (15706): Node "GPIO[7]" is assigned to location or region, but does not exist in design
    Warning (15706): Node "GPIO[8]" is assigned to location or region, but does not exist in design
    Warning (15706): Node "GPIO[9]" is assigned to location or region, but does not exist in design
    Warning (15706): Node "GSENSOR_CS_N" is assigned to location or region, but does not exist in design
    Warning (15706): Node "GSENSOR_INT[1]" is assigned to location or region, but does not exist in design
    Warning (15706): Node "GSENSOR_INT[2]" is assigned to location or region, but does not exist in design
    Warning (15706): Node "GSENSOR_SCLK" is assigned to location or region, but does not exist in design
    Warning (15706): Node "GSENSOR_SDI" is assigned to location or region, but does not exist in design
    Warning (15706): Node "GSENSOR_SDO" is assigned to location or region, but does not exist in design
    Warning (15706): Node "HEX0[0]" is assigned to location or region, but does not exist in design
    Warning (15706): Node "HEX0[1]" is assigned to location or region, but does not exist in design
    Warning (15706): Node "HEX0[2]" is assigned to location or region, but does not exist in design
    Warning (15706): Node "HEX0[3]" is assigned to location or region, but does not exist in design
    Warning (15706): Node "HEX0[4]" is assigned to location or region, but does not exist in design
    Warning (15706): Node "HEX0[5]" is assigned to location or region, but does not exist in design
    Warning (15706): Node "HEX0[6]" is assigned to location or region, but does not exist in design
    Warning (15706): Node "HEX0[7]" is assigned to location or region, but does not exist in design
    Warning (15706): Node "HEX1[0]" is assigned to location or region, but does not exist in design
    Warning (15706): Node "HEX1[1]" is assigned to location or region, but does not exist in design
    Warning (15706): Node "HEX1[2]" is assigned to location or region, but does not exist in design
    Warning (15706): Node "HEX1[3]" is assigned to location or region, but does not exist in design
    Warning (15706): Node "HEX1[4]" is assigned to location or region, but does not exist in design
    Warning (15706): Node "HEX1[5]" is assigned to location or region, but does not exist in design
    Warning (15706): Node "HEX1[6]" is assigned to location or region, but does not exist in design
    Warning (15706): Node "HEX1[7]" is assigned to location or region, but does not exist in design
    Warning (15706): Node "HEX2[0]" is assigned to location or region, but does not exist in design
    Warning (15706): Node "HEX2[1]" is assigned to location or region, but does not exist in design
    Warning (15706): Node "HEX2[2]" is assigned to location or region, but does not exist in design
    Warning (15706): Node "HEX2[3]" is assigned to location or region, but does not exist in design
    Warning (15706): Node "HEX2[4]" is assigned to location or region, but does not exist in design
    Warning (15706): Node "HEX2[5]" is assigned to location or region, but does not exist in design
    Warning (15706): Node "HEX2[6]" is assigned to location or region, but does not exist in design
    Warning (15706): Node "HEX2[7]" is assigned to location or region, but does not exist in design
    Warning (15706): Node "HEX3[0]" is assigned to location or region, but does not exist in design
    Warning (15706): Node "HEX3[1]" is assigned to location or region, but does not exist in design
    Warning (15706): Node "HEX3[2]" is assigned to location or region, but does not exist in design
    Warning (15706): Node "HEX3[3]" is assigned to location or region, but does not exist in design
    Warning (15706): Node "HEX3[4]" is assigned to location or region, but does not exist in design
    Warning (15706): Node "HEX3[5]" is assigned to location or region, but does not exist in design
    Warning (15706): Node "HEX3[6]" is assigned to location or region, but does not exist in design
    Warning (15706): Node "HEX3[7]" is assigned to location or region, but does not exist in design
    Warning (15706): Node "HEX4[0]" is assigned to location or region, but does not exist in design
    Warning (15706): Node "HEX4[1]" is assigned to location or region, but does not exist in design
    Warning (15706): Node "HEX4[2]" is assigned to location or region, but does not exist in design
    Warning (15706): Node "HEX4[3]" is assigned to location or region, but does not exist in design
    Warning (15706): Node "HEX4[4]" is assigned to location or region, but does not exist in design
    Warning (15706): Node "HEX4[5]" is assigned to location or region, but does not exist in design
    Warning (15706): Node "HEX4[6]" is assigned to location or region, but does not exist in design
    Warning (15706): Node "HEX4[7]" is assigned to location or region, but does not exist in design
    Warning (15706): Node "HEX5[0]" is assigned to location or region, but does not exist in design
    Warning (15706): Node "HEX5[1]" is assigned to location or region, but does not exist in design
    Warning (15706): Node "HEX5[2]" is assigned to location or region, but does not exist in design
    Warning (15706): Node "HEX5[3]" is assigned to location or region, but does not exist in design
    Warning (15706): Node "HEX5[4]" is assigned to location or region, but does not exist in design
    Warning (15706): Node "HEX5[5]" is assigned to location or region, but does not exist in design
    Warning (15706): Node "HEX5[6]" is assigned to location or region, but does not exist in design
    Warning (15706): Node "HEX5[7]" is assigned to location or region, but does not exist in design
    Warning (15706): Node "KEY[0]" is assigned to location or region, but does not exist in design
    Warning (15706): Node "KEY[1]" is assigned to location or region, but does not exist in design
    Warning (15706): Node "LEDR[0]" is assigned to location or region, but does not exist in design
    Warning (15706): Node "LEDR[1]" is assigned to location or region, but does not exist in design
    Warning (15706): Node "LEDR[2]" is assigned to location or region, but does not exist in design
    Warning (15706): Node "LEDR[3]" is assigned to location or region, but does not exist in design
    Warning (15706): Node "LEDR[4]" is assigned to location or region, but does not exist in design
    Warning (15706): Node "LEDR[5]" is assigned to location or region, but does not exist in design
    Warning (15706): Node "LEDR[6]" is assigned to location or region, but does not exist in design
    Warning (15706): Node "LEDR[7]" is assigned to location or region, but does not exist in design
    Warning (15706): Node "LEDR[8]" is assigned to location or region, but does not exist in design
    Warning (15706): Node "LEDR[9]" is assigned to location or region, but does not exist in design
    Warning (15706): Node "MAX10_CLK2_50" is assigned to location or region, but does not exist in design
    Warning (15706): Node "SW[0]" is assigned to location or region, but does not exist in design
    Warning (15706): Node "SW[1]" is assigned to location or region, but does not exist in design
    Warning (15706): Node "SW[2]" is assigned to location or region, but does not exist in design
    Warning (15706): Node "SW[3]" is assigned to location or region, but does not exist in design
    Warning (15706): Node "SW[4]" is assigned to location or region, but does not exist in design
    Warning (15706): Node "SW[5]" is assigned to location or region, but does not exist in design
    Warning (15706): Node "SW[6]" is assigned to location or region, but does not exist in design
    Warning (15706): Node "SW[7]" is assigned to location or region, but does not exist in design
    Warning (15706): Node "SW[8]" is assigned to location or region, but does not exist in design
    Warning (15706): Node "SW[9]" is assigned to location or region, but does not exist in design
    Warning (15706): Node "UART_RXD" is assigned to location or region, but does not exist in design
    Warning (15706): Node "UART_TXD" is assigned to location or region, but does not exist in design
    Warning (15706): Node "VGA_B[0]" is assigned to location or region, but does not exist in design
    Warning (15706): Node "VGA_B[1]" is assigned to location or region, but does not exist in design
    Warning (15706): Node "VGA_B[2]" is assigned to location or region, but does not exist in design
    Warning (15706): Node "VGA_B[3]" is assigned to location or region, but does not exist in design
    Warning (15706): Node "VGA_G[0]" is assigned to location or region, but does not exist in design
    Warning (15706): Node "VGA_G[1]" is assigned to location or region, but does not exist in design
    Warning (15706): Node "VGA_G[2]" is assigned to location or region, but does not exist in design
    Warning (15706): Node "VGA_G[3]" is assigned to location or region, but does not exist in design
    Warning (15706): Node "VGA_HS" is assigned to location or region, but does not exist in design
    Warning (15706): Node "VGA_R[0]" is assigned to location or region, but does not exist in design
    Warning (15706): Node "VGA_R[1]" is assigned to location or region, but does not exist in design
    Warning (15706): Node "VGA_R[2]" is assigned to location or region, but does not exist in design
    Warning (15706): Node "VGA_R[3]" is assigned to location or region, but does not exist in design
    Warning (15706): Node "VGA_VS" is assigned to location or region, but does not exist in design
Info (171121): Fitter preparation operations ending: elapsed time is 00:00:01
Info (14896): Fitter has disabled Advanced Physical Optimization because it is not supported for the current family.
Info (170189): Fitter placement preparation operations beginning
Info (170190): Fitter placement preparation operations ending: elapsed time is 00:00:00
Info (170191): Fitter placement operations beginning
Info (170137): Fitter placement was successful
Info (170192): Fitter placement operations ending: elapsed time is 00:00:00
Info (170193): Fitter routing operations beginning
Info (170195): Router estimated average interconnect usage is 0% of the available device resources
    Info (170196): Router estimated peak interconnect usage is 0% of the available device resources in the region that extends from location X10_Y13 to location X20_Y25
Info (170199): The Fitter performed an Auto Fit compilation.  Optimizations were skipped to reduce compilation time.
    Info (170201): Optimizations that may affect the design's routability were skipped
    Info (170200): Optimizations that may affect the design's timing were skipped
Info (170194): Fitter routing operations ending: elapsed time is 00:00:00
Info (11888): Total time spent on timing analysis during the Fitter is 0.05 seconds.
Info (334003): Started post-fitting delay annotation
Info (334004): Delay annotation completed successfully
Info (334003): Started post-fitting delay annotation
Info (334004): Delay annotation completed successfully
Info (11218): Fitter post-fit operations ending: elapsed time is 00:00:01
Warning (171167): Found invalid Fitter assignments. See the Ignored Assignments panel in the Fitter Compilation Report for more information.
Info (144001): Generated suppressed messages file C:/Users/Exam/Desktop/uni/2026/ECE2072/Ece2072Project/output_files/ECE2072Project.fit.smsg
Info: Quartus Prime Fitter was successful. 0 errors, 192 warnings
    Info: Peak virtual memory: 5581 megabytes
    Info: Processing ended: Wed Sep 23 13:18:14 2026
    Info: Elapsed time: 00:00:07
    Info: Total CPU time (on all processors): 00:00:06


+----------------------------+
; Fitter Suppressed Messages ;
+----------------------------+
The suppressed messages can be found in C:/Users/Exam/Desktop/uni/2026/ECE2072/Ece2072Project/output_files/ECE2072Project.fit.smsg.


